issue,created_at,selected_numbers_json,bottom3_json,hit_probability,calibrated_probability,break_even_probability,estimated_roi,consensus_score,consensus_strong_count,stability_score,regime_label,regime_samples,regime_hit_rate,live_samples,live_hit_rate,calibration_ece_top7,data_health,drift_score,gate_score,gate_pass,gate_reasons_json,actual_number,hit,resolved_at
202609252727,2026-09-25T22:43:24+07:00,"[6, 3, 7, 0, 8, 4, 9]","[2, 1, 5]",0.7422272727272727,0.7422272727272727,0.7074279939363315,0.049191266233766254,0.6666666666666666,2,0.8571428571428571,BALANCED,0,,0,,,OK,0.07186342327805947,46.100542560360545,1,"{""failed"": [], ""checks"": {""data_health_ok"": true, ""calibrated_probability_ok"": true, ""consensus_ok"": true, ""stability_ok"": true, ""drift_ok"": true, ""live_hit_ok"": true, ""regime_hit_ok"": true}, ""statuses"": {""data_health_ok"": ""PASS"", ""calibrated_probability_ok"": ""PASS"", ""consensus_ok"": ""PASS"", ""stability_ok"": ""PASS"", ""drift_ok"": ""PASS"", ""live_hit_ok"": ""WARMUP"", ""regime_hit_ok"": ""WARMUP""}, ""votes"": {""2"": 4, ""1"": 3, ""5"": 1}, ""stability"": {""50"": [0, 1, 3, 6, 7, 8, 9], ""100"": [0, 1, 3, 6, 7, 8, 9]}}",5,0,2026-09-25T22:43:53+07:00
202609252728,2026-09-25T22:43:53+07:00,"[7, 6, 3, 5, 0, 8, 4]","[2, 1, 9]",0.744582095082095,0.7091258048400905,0.7074279939363315,0.0023999769846706647,0.5833333333333334,2,0.7142857142857143,BALANCED,1,0.0,1,0.0,0.7422272727272727,OK,0.09442508068251262,40.05763420477962,0,"{""failed"": [""calibrated_probability_ok"", ""stability_ok""], ""checks"": {""data_health_ok"": true, ""calibrated_probability_ok"": false, ""consensus_ok"": true, ""stability_ok"": false, ""drift_ok"": true, ""live_hit_ok"": true, ""regime_hit_ok"": true}, ""statuses"": {""data_health_ok"": ""PASS"", ""calibrated_probability_ok"": ""FAIL"", ""consensus_ok"": ""PASS"", ""stability_ok"": ""FAIL"", ""drift_ok"": ""PASS"", ""live_hit_ok"": ""WARMUP"", ""regime_hit_ok"": ""WARMUP""}, ""votes"": {""2"": 4, ""1"": 3, ""9"": 0}, ""stability"": {""50"": [0, 1, 3, 4, 6, 7, 9], ""100"": [0, 1, 3, 6, 7, 8, 9], ""101"": [0, 1, 3, 6, 7, 8, 9]}}",5,1,2026-09-25T22:44:23+07:00
202609252729,2026-09-25T22:44:23+07:00,"[5, 7, 3, 6, 0, 4, 8]","[2, 1, 9]",0.7514503862150921,0.7285912601955382,0.7074279939363315,0.029915788519264273,0.5833333333333334,2,0.7142857142857143,BALANCED,2,0.5,2,0.5,0.24340468390468395,OK,0.11672665999838175,53.95452375966647,0,"{""failed"": [""stability_ok""], ""checks"": {""data_health_ok"": true, ""calibrated_probability_ok"": true, ""consensus_ok"": true, ""stability_ok"": false, ""drift_ok"": true, ""live_hit_ok"": true, ""regime_hit_ok"": true}, ""statuses"": {""data_health_ok"": ""PASS"", ""calibrated_probability_ok"": ""PASS"", ""consensus_ok"": ""PASS"", ""stability_ok"": ""FAIL"", ""drift_ok"": ""PASS"", ""live_hit_ok"": ""WARMUP"", ""regime_hit_ok"": ""WARMUP""}, ""votes"": {""2"": 4, ""1"": 3, ""9"": 0}, ""stability"": {""50"": [0, 1, 3, 5, 6, 7, 9], ""100"": [0, 1, 3, 5, 6, 7, 9], ""102"": [0, 1, 3, 6, 7, 8, 9]}}",8,1,2026-09-25T22:44:53+07:00
202609252730,2026-09-25T22:44:53+07:00,"[7, 3, 8, 6, 5, 0, 4]","[2, 1, 9]",0.7396127278945671,0.7300980242561452,0.7074279939363315,0.03204570714493661,0.5,2,0.7142857142857143,BALANCED,3,0.6666666666666666,3,0.6666666666666666,0.24511966053142525,OK,0.1361485977491319,56.94188015657774,0,"{""failed"": [""consensus_ok"", ""stability_ok""], ""checks"": {""data_health_ok"": true, ""calibrated_probability_ok"": true, ""consensus_ok"": false, ""stability_ok"": false, ""drift_ok"": true, ""live_hit_ok"": true, ""regime_hit_ok"": true}, ""statuses"": {""data_health_ok"": ""PASS"", ""calibrated_probability_ok"": ""PASS"", ""consensus_ok"": ""FAIL"", ""stability_ok"": ""FAIL"", ""drift_ok"": ""PASS"", ""live_hit_ok"": ""WARMUP"", ""regime_hit_ok"": ""WARMUP""}, ""votes"": {""2"": 3, ""1"": 3, ""9"": 0}, ""stability"": {""50"": [0, 1, 3, 5, 6, 7, 9], ""100"": [0, 1, 3, 6, 7, 8, 9], ""103"": [0, 1, 3, 6, 7, 8, 9]}}",2,0,2026-09-25T22:45:23+07:00
202609252731,2026-09-25T22:45:23+07:00,"[3, 6, 0, 9, 7, 1, 5]","[2, 4, 8]",0.7528107389686336,0.7106756158071947,0.7074279939363315,0.004590745487455956,0.5,1,0.8571428571428571,BALANCED,4,0.5,4,0.5,0.3687429273722107,OK,0.16427996157328248,52.46735481446356,0,"{""failed"": [""calibrated_probability_ok"", ""consensus_ok""], ""checks"": {""data_health_ok"": true, ""calibrated_probability_ok"": false, ""consensus_ok"": false, ""stability_ok"": true, ""drift_ok"": true, ""live_hit_ok"": true, ""regime_hit_ok"": true}, ""statuses"": {""data_health_ok"": ""PASS"", ""calibrated_probability_ok"": ""FAIL"", ""consensus_ok"": ""FAIL"", ""stability_ok"": ""PASS"", ""drift_ok"": ""PASS"", ""live_hit_ok"": ""WARMUP"", ""regime_hit_ok"": ""WARMUP""}, ""votes"": {""2"": 4, ""4"": 1, ""8"": 1}, ""stability"": {""50"": [0, 1, 3, 5, 6, 7, 8], ""100"": [0, 1, 3, 6, 7, 8, 9], ""104"": [0, 1, 3, 6, 7, 8, 9]}}",6,1,2026-09-25T22:45:53+07:00
202609252732,2026-09-25T22:45:53+07:00,"[3, 6, 0, 7, 9, 1, 4]","[2, 8, 5]",0.7720473604552449,0.737637888364196,0.7074279939363315,0.042703843623388416,0.5833333333333334,1,0.8095238095238094,BALANCED,5,0.6,5,0.6,0.34443219410404186,OK,0.10748526448761567,58.56651575017806,1,"{""failed"": [], ""checks"": {""data_health_ok"": true, ""calibrated_probability_ok"": true, ""consensus_ok"": true, ""stability_ok"": true, ""drift_ok"": true, ""live_hit_ok"": true, ""regime_hit_ok"": true}, ""statuses"": {""data_health_ok"": ""PASS"", ""calibrated_probability_ok"": ""PASS"", ""consensus_ok"": ""PASS"", ""stability_ok"": ""PASS"", ""drift_ok"": ""PASS"", ""live_hit_ok"": ""WARMUP"", ""regime_hit_ok"": ""WARMUP""}, ""votes"": {""2"": 4, ""8"": 2, ""5"": 1}, ""stability"": {""50"": [0, 1, 3, 5, 6, 7, 8], ""100"": [0, 1, 3, 6, 7, 8, 9], ""105"": [0, 1, 3, 6, 7, 8, 9]}}",3,1,2026-09-25T22:46:23+07:00
202609252733,2026-09-25T22:46:23+07:00,"[7, 3, 0, 5, 1, 6, 4]","[2, 8, 9]",0.7618686868686869,0.7398989898989898,0.7074279939363315,0.045900072150072066,0.5833333333333334,1,0.7142857142857143,BALANCED,6,0.6666666666666666,6,0.6666666666666666,0.32501893501082735,OK,0.09737213015341781,59.381408492500384,0,"{""failed"": [""stability_ok""], ""checks"": {""data_health_ok"": true, ""calibrated_probability_ok"": true, ""consensus_ok"": true, ""stability_ok"": false, ""drift_ok"": true, ""live_hit_ok"": true, ""regime_hit_ok"": true}, ""statuses"": {""data_health_ok"": ""PASS"", ""calibrated_probability_ok"": ""PASS"", ""consensus_ok"": ""PASS"", ""stability_ok"": ""FAIL"", ""drift_ok"": ""PASS"", ""live_hit_ok"": ""WARMUP"", ""regime_hit_ok"": ""WARMUP""}, ""votes"": {""2"": 4, ""8"": 2, ""9"": 1}, ""stability"": {""50"": [0, 3, 5, 6, 7, 8, 9], ""100"": [0, 1, 3, 6, 7, 8, 9], ""106"": [0, 1, 3, 6, 7, 8, 9]}}",2,0,2026-09-25T22:46:53+07:00
202609252734,2026-09-25T22:46:53+07:00,"[3, 6, 0, 7, 9, 1, 5]","[2, 4, 8]",0.7528285233285233,0.7057989061692765,0.7074279939363315,-0.00230283192214412,0.5,1,0.8571428571428571,BALANCED,7,0.5714285714285714,7,0.5714285714285714,0.18065703831594176,OK,0.08714574857568042,55.039642380893326,0,"{""failed"": [""calibrated_probability_ok"", ""consensus_ok""], ""checks"": {""data_health_ok"": true, ""calibrated_probability_ok"": false, ""consensus_ok"": false, ""stability_ok"": true, ""drift_ok"": true, ""live_hit_ok"": true, ""regime_hit_ok"": true}, ""statuses"": {""data_health_ok"": ""PASS"", ""calibrated_probability_ok"": ""FAIL"", ""consensus_ok"": ""FAIL"", ""stability_ok"": ""PASS"", ""drift_ok"": ""PASS"", ""live_hit_ok"": ""WARMUP"", ""regime_hit_ok"": ""WARMUP""}, ""votes"": {""2"": 4, ""4"": 1, ""8"": 1}, ""stability"": {""50"": [0, 3, 5, 6, 7, 8, 9], ""100"": [0, 1, 3, 6, 7, 8, 9], ""107"": [0, 1, 3, 6, 7, 8, 9]}}",0,1,2026-09-25T22:47:23+07:00
202609252735,2026-09-25T22:47:23+07:00,"[0, 3, 9, 6, 8, 1, 7]","[2, 4, 5]",0.7575825812605473,0.7197018437575338,0.7074279939363315,0.017349963425828032,0.5833333333333334,1,0.9523809523809524,BALANCED,8,0.625,8,0.625,0.17942704998346926,OK,0.08205099907663085,59.757941090728394,0,"{""failed"": [""calibrated_probability_ok""], ""checks"": {""data_health_ok"": true, ""calibrated_probability_ok"": false, ""consensus_ok"": true, ""stability_ok"": true, ""drift_ok"": true, ""live_hit_ok"": true, ""regime_hit_ok"": true}, ""statuses"": {""data_health_ok"": ""PASS"", ""calibrated_probability_ok"": ""FAIL"", ""consensus_ok"": ""PASS"", ""stability_ok"": ""PASS"", ""drift_ok"": ""PASS"", ""live_hit_ok"": ""WARMUP"", ""regime_hit_ok"": ""WARMUP""}, ""votes"": {""2"": 4, ""4"": 2, ""5"": 1}, ""stability"": {""50"": [0, 3, 5, 6, 7, 8, 9], ""100"": [0, 1, 3, 6, 7, 8, 9], ""108"": [0, 1, 3, 6, 7, 8, 9]}}",2,0,2026-09-25T22:47:53+07:00
202609252736,2026-09-25T22:47:53+07:00,"[3, 6, 0, 7, 9, 5, 8]","[4, 2, 1]",0.7481822425940073,0.6884015466165568,0.7074279939363315,-0.026895242318452972,0.75,2,0.9047619047619048,BALANCED,9,0.5555555555555556,9,0.5555555555555556,0.1972233747556293,OK,0.1315975610676635,57.74566879469515,0,"{""failed"": [""calibrated_probability_ok""], ""checks"": {""data_health_ok"": true, ""calibrated_probability_ok"": false, ""consensus_ok"": true, ""stability_ok"": true, ""drift_ok"": true, ""live_hit_ok"": true, ""regime_hit_ok"": true}, ""statuses"": {""data_health_ok"": ""PASS"", ""calibrated_probability_ok"": ""FAIL"", ""consensus_ok"": ""PASS"", ""stability_ok"": ""PASS"", ""drift_ok"": ""PASS"", ""live_hit_ok"": ""WARMUP"", ""regime_hit_ok"": ""WARMUP""}, ""votes"": {""4"": 1, ""2"": 4, ""1"": 4}, ""stability"": {""50"": [0, 3, 5, 6, 7, 8, 9], ""100"": [0, 1, 3, 6, 7, 8, 9], ""109"": [0, 1, 3, 6, 7, 8, 9]}}",3,1,2026-09-25T22:48:23+07:00
202609252737,2026-09-25T22:48:23+07:00,"[3, 0, 7, 9, 1, 6, 5]","[8, 4, 2]",0.7424352346999404,0.6844380928965106,0.7074279939363315,-0.03249786725557539,0.4166666666666667,1,0.8571428571428571,BALANCED,10,0.6,10,0.6,0.15231926153946712,OK,0.1148547564852091,54.32741409643559,0,"{""failed"": [""calibrated_probability_ok"", ""consensus_ok""], ""checks"": {""data_health_ok"": true, ""calibrated_probability_ok"": false, ""consensus_ok"": false, ""stability_ok"": true, ""drift_ok"": true, ""live_hit_ok"": true, ""regime_hit_ok"": true}, ""statuses"": {""data_health_ok"": ""PASS"", ""calibrated_probability_ok"": ""FAIL"", ""consensus_ok"": ""FAIL"", ""stability_ok"": ""PASS"", ""drift_ok"": ""PASS"", ""live_hit_ok"": ""WARMUP"", ""regime_hit_ok"": ""WARMUP""}, ""votes"": {""8"": 1, ""4"": 1, ""2"": 3}, ""stability"": {""50"": [0, 3, 5, 6, 7, 8, 9], ""100"": [0, 1, 3, 6, 7, 8, 9], ""110"": [0, 1, 3, 6, 7, 8, 9]}}",1,1,2026-09-25T22:48:53+07:00
202609252738,2026-09-25T22:48:53+07:00,"[6, 0, 3, 4, 2, 9, 7]","[5, 8, 1]",0.7570229568411386,0.7142083592523475,0.7074279939363315,0.009584530685996866,0.4166666666666667,1,0.7142857142857143,BALANCED,11,0.6363636363636364,11,0.6363636363636364,0.11505707728132833,OK,0.10687540665184876,54.67097130529116,0,"{""failed"": [""calibrated_probability_ok"", ""consensus_ok"", ""stability_ok""], ""checks"": {""data_health_ok"": true, ""calibrated_probability_ok"": false, ""consensus_ok"": false, ""stability_ok"": false, ""drift_ok"": true, ""live_hit_ok"": true, ""regime_hit_ok"": true}, ""statuses"": {""data_health_ok"": ""PASS"", ""calibrated_probability_ok"": ""FAIL"", ""consensus_ok"": ""FAIL"", ""stability_ok"": ""FAIL"", ""drift_ok"": ""PASS"", ""live_hit_ok"": ""WARMUP"", ""regime_hit_ok"": ""WARMUP""}, ""votes"": {""5"": 2, ""8"": 0, ""1"": 3}, ""stability"": {""50"": [0, 3, 5, 6, 7, 8, 9], ""100"": [0, 1, 3, 6, 7, 8, 9], ""111"": [0, 1, 3, 6, 7, 8, 9]}}",7,1,2026-09-25T22:49:23+07:00
202609252739,2026-09-25T22:49:23+07:00,"[3, 9, 6, 0, 1, 8, 7]","[4, 2, 5]",0.7559079317767842,0.7224424573604902,0.7074279939363315,0.021224016511721393,0.5833333333333334,1,0.9523809523809524,BALANCED,12,0.6666666666666666,12,0.6666666666666666,0.08522090057797915,OK,0.09160824468312284,64.52997437704072,1,"{""failed"": [], ""checks"": {""data_health_ok"": true, ""calibrated_probability_ok"": true, ""consensus_ok"": true, ""stability_ok"": true, ""drift_ok"": true, ""live_hit_ok"": true, ""regime_hit_ok"": true}, ""statuses"": {""data_health_ok"": ""PASS"", ""calibrated_probability_ok"": ""PASS"", ""consensus_ok"": ""PASS"", ""stability_ok"": ""PASS"", ""drift_ok"": ""PASS"", ""live_hit_ok"": ""WARMUP"", ""regime_hit_ok"": ""WARMUP""}, ""votes"": {""4"": 1, ""2"": 4, ""5"": 2}, ""stability"": {""50"": [0, 3, 5, 6, 7, 8, 9], ""100"": [0, 1, 3, 6, 7, 8, 9], ""112"": [0, 1, 3, 6, 7, 8, 9]}}",5,0,2026-09-25T22:49:53+07:00
202609252740,2026-09-25T22:49:53+07:00,"[5, 3, 6, 8, 7, 0, 4]","[2, 1, 9]",0.7443246087599217,0.6839528804749511,0.7074279939363315,-0.03318374967147987,0.5833333333333334,2,0.7619047619047619,BALANCED,13,0.6153846153846154,13,0.6153846153846154,0.13681221067019494,OK,0.13238791769985297,55.361370495926955,0,"{""failed"": [""calibrated_probability_ok""], ""checks"": {""data_health_ok"": true, ""calibrated_probability_ok"": false, ""consensus_ok"": true, ""stability_ok"": true, ""drift_ok"": true, ""live_hit_ok"": true, ""regime_hit_ok"": true}, ""statuses"": {""data_health_ok"": ""PASS"", ""calibrated_probability_ok"": ""FAIL"", ""consensus_ok"": ""PASS"", ""stability_ok"": ""PASS"", ""drift_ok"": ""PASS"", ""live_hit_ok"": ""WARMUP"", ""regime_hit_ok"": ""WARMUP""}, ""votes"": {""2"": 4, ""1"": 3, ""9"": 0}, ""stability"": {""50"": [0, 2, 3, 5, 6, 7, 8], ""100"": [0, 1, 3, 6, 7, 8, 9], ""113"": [0, 1, 3, 6, 7, 8, 9]}}",8,1,2026-09-25T22:50:23+07:00
202609252741,2026-09-25T22:50:23+07:00,"[2, 3, 7, 8, 5, 6, 4]","[9, 1, 0]",0.7466760297471872,0.6949551695437498,0.7074279939363315,-0.01763122819494229,0.5833333333333334,2,0.6666666666666666,BALANCED,14,0.6428571428571429,14,0.6428571428571429,0.10877738196231826,OK,0.15690839446841048,55.68616802718138,0,"{""failed"": [""calibrated_probability_ok"", ""stability_ok""], ""checks"": {""data_health_ok"": true, ""calibrated_probability_ok"": false, ""consensus_ok"": true, ""stability_ok"": false, ""drift_ok"": true, ""live_hit_ok"": true, ""regime_hit_ok"": true}, ""statuses"": {""data_health_ok"": ""PASS"", ""calibrated_probability_ok"": ""FAIL"", ""consensus_ok"": ""PASS"", ""stability_ok"": ""FAIL"", ""drift_ok"": ""PASS"", ""live_hit_ok"": ""WARMUP"", ""regime_hit_ok"": ""WARMUP""}, ""votes"": {""9"": 1, ""1"": 3, ""0"": 3}, ""stability"": {""50"": [0, 3, 4, 5, 6, 7, 8], ""100"": [0, 1, 3, 6, 7, 8, 9], ""114"": [0, 1, 3, 6, 7, 8, 9]}}",3,1,2026-09-25T22:50:53+07:00
202609252742,2026-09-25T22:50:53+07:00,"[3, 1, 7, 0, 6, 5, 2]","[8, 9, 4]",0.7382882372905658,0.6989930807591564,0.7074279939363315,-0.011923352269735383,0.3333333333333333,0,0.7142857142857143,BALANCED,15,0.6666666666666666,15,0.6666666666666666,0.08463729181464287,OK,0.1602195074635866,56.220249260885204,0,"{""failed"": [""calibrated_probability_ok"", ""consensus_ok"", ""stability_ok""], ""checks"": {""data_health_ok"": true, ""calibrated_probability_ok"": false, ""consensus_ok"": false, ""stability_ok"": false, ""drift_ok"": true, ""live_hit_ok"": true, ""regime_hit_ok"": true}, ""statuses"": {""data_health_ok"": ""PASS"", ""calibrated_probability_ok"": ""FAIL"", ""consensus_ok"": ""FAIL"", ""stability_ok"": ""FAIL"", ""drift_ok"": ""PASS"", ""live_hit_ok"": ""WARMUP"", ""regime_hit_ok"": ""WARMUP""}, ""votes"": {""8"": 1, ""9"": 2, ""4"": 1}, ""stability"": {""50"": [0, 3, 4, 5, 6, 7, 8], ""100"": [0, 1, 3, 6, 7, 8, 9], ""115"": [0, 1, 3, 6, 7, 8, 9]}}",7,1,2026-09-25T22:51:23+07:00
202609252743,2026-09-25T22:51:23+07:00,"[3, 6, 9, 0, 8, 5, 1]","[4, 2, 7]",0.7592233807573222,0.7273463226429568,0.7074279939363315,0.02815598036457967,0.5833333333333334,1,0.7619047619047619,BALANCED,16,0.6875,16,0.6875,0.06969941980744337,OK,0.23161721682331649,62.772053552431295,1,"{""failed"": [], ""checks"": {""data_health_ok"": true, ""calibrated_probability_ok"": true, ""consensus_ok"": true, ""stability_ok"": true, ""drift_ok"": true, ""live_hit_ok"": true, ""regime_hit_ok"": true}, ""statuses"": {""data_health_ok"": ""PASS"", ""calibrated_probability_ok"": ""PASS"", ""consensus_ok"": ""PASS"", ""stability_ok"": ""PASS"", ""drift_ok"": ""PASS"", ""live_hit_ok"": ""WARMUP"", ""regime_hit_ok"": ""WARMUP""}, ""votes"": {""4"": 2, ""2"": 4, ""7"": 1}, ""stability"": {""50"": [2, 3, 4, 5, 6, 7, 8], ""100"": [0, 1, 3, 6, 7, 8, 9], ""116"": [0, 1, 3, 6, 7, 8, 9]}}",8,1,2026-09-25T22:51:53+07:00
202609252744,2026-09-25T22:51:53+07:00,"[7, 3, 5, 6, 2, 8, 4]","[9, 1, 0]",0.7482886178079908,0.7288046582745896,0.7074279939363315,0.03021744194672341,0.6666666666666666,2,0.7142857142857143,BALANCED,17,0.7058823529411765,17,0.7058823529411765,0.05143612339273035,OK,0.31386431405718684,64.56600643238293,0,"{""failed"": [""stability_ok""], ""checks"": {""data_health_ok"": true, ""calibrated_probability_ok"": true, ""consensus_ok"": true, ""stability_ok"": false, ""drift_ok"": true, ""live_hit_ok"": true, ""regime_hit_ok"": true}, ""statuses"": {""data_health_ok"": ""PASS"", ""calibrated_probability_ok"": ""PASS"", ""consensus_ok"": ""PASS"", ""stability_ok"": ""FAIL"", ""drift_ok"": ""PASS"", ""live_hit_ok"": ""WARMUP"", ""regime_hit_ok"": ""WARMUP""}, ""votes"": {""9"": 2, ""1"": 3, ""0"": 3}, ""stability"": {""50"": [2, 3, 4, 5, 6, 7, 8], ""100"": [0, 1, 3, 6, 7, 8, 9], ""117"": [0, 1, 3, 6, 7, 8, 9]}}",6,1,2026-09-25T22:52:23+07:00
202609252745,2026-09-25T22:52:23+07:00,"[3, 6, 0, 1, 7, 9, 4]","[2, 5, 8]",0.7560034326535624,0.7400018066597698,0.7074279939363315,0.04604541098548877,0.5,1,0.7619047619047619,BALANCED,18,0.7222222222222222,18,0.7222222222222222,0.06256252665935697,OK,0.309141601242305,63.37471075464457,0,"{""failed"": [""consensus_ok""], ""checks"": {""data_health_ok"": true, ""calibrated_probability_ok"": true, ""consensus_ok"": false, ""stability_ok"": true, ""drift_ok"": true, ""live_hit_ok"": true, ""regime_hit_ok"": true}, ""statuses"": {""data_health_ok"": ""PASS"", ""calibrated_probability_ok"": ""PASS"", ""consensus_ok"": ""FAIL"", ""stability_ok"": ""PASS"", ""drift_ok"": ""PASS"", ""live_hit_ok"": ""WARMUP"", ""regime_hit_ok"": ""WARMUP""}, ""votes"": {""2"": 4, ""5"": 1, ""8"": 1}, ""stability"": {""50"": [2, 3, 4, 5, 6, 7, 8], ""100"": [0, 1, 3, 6, 7, 8, 9], ""118"": [0, 1, 3, 6, 7, 8, 9]}}",0,1,2026-09-25T22:52:53+07:00
202609252746,2026-09-25T22:52:53+07:00,"[0, 3, 8, 6, 1, 7, 9]","[4, 2, 5]",0.7524423075098509,0.7448422089794107,0.7074279939363315,0.052887665407324036,0.5,1,0.9047619047619048,BALANCED,19,0.7368421052631579,19,0.7368421052631579,0.04642783750115725,OK,0.2765842188161125,68.08318702265541,0,"{""failed"": [""consensus_ok""], ""checks"": {""data_health_ok"": true, ""calibrated_probability_ok"": true, ""consensus_ok"": false, ""stability_ok"": true, ""drift_ok"": true, ""live_hit_ok"": true, ""regime_hit_ok"": true}, ""statuses"": {""data_health_ok"": ""PASS"", ""calibrated_probability_ok"": ""PASS"", ""consensus_ok"": ""FAIL"", ""stability_ok"": ""PASS"", ""drift_ok"": ""PASS"", ""live_hit_ok"": ""WARMUP"", ""regime_hit_ok"": ""WARMUP""}, ""votes"": {""4"": 2, ""2"": 3, ""5"": 1}, ""stability"": {""50"": [2, 3, 5, 6, 7, 8, 9], ""100"": [0, 1, 3, 6, 7, 8, 9], ""119"": [0, 1, 3, 6, 7, 8, 9]}}",5,0,2026-09-25T22:53:23+07:00
202609252747,2026-09-25T22:53:23+07:00,"[8, 5, 3, 6, 7, 4, 0]","[2, 9, 1]",0.7534559561432835,0.7267279780716418,0.7074279939363315,0.02728190614555651,0.6666666666666666,2,0.7619047619047619,BALANCED,20,0.7,20,0.7,0.0817285610015919,OK,0.3177863032641256,61.62217845325675,1,"{""failed"": [], ""checks"": {""data_health_ok"": true, ""calibrated_probability_ok"": true, ""consensus_ok"": true, ""stability_ok"": true, ""drift_ok"": true, ""live_hit_ok"": true, ""regime_hit_ok"": true}, ""statuses"": {""data_health_ok"": ""PASS"", ""calibrated_probability_ok"": ""PASS"", ""consensus_ok"": ""PASS"", ""stability_ok"": ""PASS"", ""drift_ok"": ""PASS"", ""live_hit_ok"": ""WARMUP"", ""regime_hit_ok"": ""WARMUP""}, ""votes"": {""2"": 4, ""9"": 1, ""1"": 3}, ""stability"": {""50"": [2, 3, 5, 6, 7, 8, 9], ""100"": [0, 1, 3, 5, 6, 7, 8], ""120"": [0, 1, 3, 6, 7, 8, 9]}}",8,1,2026-09-25T22:53:53+07:00
202609252748,2026-09-25T22:53:53+07:00,"[3, 8, 2, 6, 7, 5, 0]","[1, 9, 4]",0.7626151922747851,0.7378610694023342,0.7074279939363315,0.04301932596229958,0.5,1,0.8095238095238094,BALANCED,21,0.7142857142857143,21,0.7142857142857143,0.06609653219881535,OK,0.3844832358685265,62.169309852850574,0,"{""failed"": [""consensus_ok""], ""checks"": {""data_health_ok"": true, ""calibrated_probability_ok"": true, ""consensus_ok"": false, ""stability_ok"": true, ""drift_ok"": true, ""live_hit_ok"": true, ""regime_hit_ok"": true}, ""statuses"": {""data_health_ok"": ""PASS"", ""calibrated_probability_ok"": ""PASS"", ""consensus_ok"": ""FAIL"", ""stability_ok"": ""PASS"", ""drift_ok"": ""PASS"", ""live_hit_ok"": ""WARMUP"", ""regime_hit_ok"": ""WARMUP""}, ""votes"": {""1"": 4, ""9"": 1, ""4"": 1}, ""stability"": {""50"": [2, 3, 5, 6, 7, 8, 9], ""100"": [0, 1, 3, 5, 6, 7, 8], ""121"": [0, 1, 3, 6, 7, 8, 9]}}",8,1,2026-09-25T22:54:23+07:00
202609252749,2026-09-25T22:54:23+07:00,"[5, 3, 8, 6, 7, 2, 0]","[9, 1, 4]",0.7597487443477718,0.7427374973084627,0.7074279939363315,0.04991250512389124,0.5,1,0.8095238095238094,BALANCED,22,0.7272727272727273,22,0.7272727272727273,0.05230192583863218,OK,0.43507962112418563,63.65573656211565,0,"{""failed"": [""consensus_ok""], ""checks"": {""data_health_ok"": true, ""calibrated_probability_ok"": true, ""consensus_ok"": false, ""stability_ok"": true, ""drift_ok"": true, ""live_hit_ok"": true, ""regime_hit_ok"": true}, ""statuses"": {""data_health_ok"": ""PASS"", ""calibrated_probability_ok"": ""PASS"", ""consensus_ok"": ""FAIL"", ""stability_ok"": ""PASS"", ""drift_ok"": ""PASS"", ""live_hit_ok"": ""WARMUP"", ""regime_hit_ok"": ""WARMUP""}, ""votes"": {""9"": 2, ""1"": 3, ""4"": 1}, ""stability"": {""50"": [2, 3, 5, 6, 7, 8, 9], ""100"": [0, 1, 3, 5, 6, 7, 8], ""122"": [0, 1, 3, 6, 7, 8, 9]}}",6,1,2026-09-25T22:54:53+07:00
202609252750,2026-09-25T22:54:53+07:00,"[3, 6, 0, 1, 9, 7, 8]","[2, 5, 4]",0.7560457087897426,0.7469980040882523,0.7074279939363315,0.055935035779036725,0.5,1,0.8571428571428571,BALANCED,23,0.7391304347826086,23,0.7391304347826086,0.0395822222955513,OK,0.3997744901010821,66.73627541920213,0,"{""failed"": [""consensus_ok""], ""checks"": {""data_health_ok"": true, ""calibrated_probability_ok"": true, ""consensus_ok"": false, ""stability_ok"": true, ""drift_ok"": true, ""live_hit_ok"": true, ""regime_hit_ok"": true}, ""statuses"": {""data_health_ok"": ""PASS"", ""calibrated_probability_ok"": ""PASS"", ""consensus_ok"": ""FAIL"", ""stability_ok"": ""PASS"", ""drift_ok"": ""PASS"", ""live_hit_ok"": ""WARMUP"", ""regime_hit_ok"": ""WARMUP""}, ""votes"": {""2"": 4, ""5"": 1, ""4"": 1}, ""stability"": {""50"": [2, 3, 5, 6, 7, 8, 9], ""100"": [0, 1, 3, 5, 6, 7, 8], ""123"": [0, 1, 3, 6, 7, 8, 9]}}",7,1,2026-09-25T22:55:23+07:00
202609252751,2026-09-25T22:55:23+07:00,"[3, 9, 8, 6, 5, 0, 7]","[4, 2, 1]",0.7594634602984327,0.754301572862924,0.7074279939363315,0.0662591519255189,0.6666666666666666,1,0.8571428571428571,BALANCED,24,0.75,24,0.75,0.027768200899475903,OK,0.3750956383148641,71.30507730205481,1,"{""failed"": [], ""checks"": {""data_health_ok"": true, ""calibrated_probability_ok"": true, ""consensus_ok"": true, ""stability_ok"": true, ""drift_ok"": true, ""live_hit_ok"": true, ""regime_hit_ok"": true}, ""statuses"": {""data_health_ok"": ""PASS"", ""calibrated_probability_ok"": ""PASS"", ""consensus_ok"": ""PASS"", ""stability_ok"": ""PASS"", ""drift_ok"": ""PASS"", ""live_hit_ok"": ""WARMUP"", ""regime_hit_ok"": ""WARMUP""}, ""votes"": {""4"": 2, ""2"": 4, ""1"": 2}, ""stability"": {""50"": [2, 3, 5, 6, 7, 8, 9], ""100"": [0, 1, 3, 5, 6, 7, 8], ""124"": [0, 1, 3, 6, 7, 8, 9]}}",0,1,2026-09-25T22:55:53+07:00
202609252752,2026-09-25T22:55:53+07:00,"[5, 0, 3, 8, 6, 7, 1]","[4, 2, 9]",0.7479431070839373,0.7546413809261945,0.7074279939363315,0.06673949489495636,0.5,1,0.9047619047619048,BALANCED,25,0.76,25,0.76,0.017036011275434165,OK,0.307516637625852,72.15330838536423,0,"{""failed"": [""consensus_ok""], ""checks"": {""data_health_ok"": true, ""calibrated_probability_ok"": true, ""consensus_ok"": false, ""stability_ok"": true, ""drift_ok"": true, ""live_hit_ok"": true, ""regime_hit_ok"": true}, ""statuses"": {""data_health_ok"": ""PASS"", ""calibrated_probability_ok"": ""PASS"", ""consensus_ok"": ""FAIL"", ""stability_ok"": ""PASS"", ""drift_ok"": ""PASS"", ""live_hit_ok"": ""WARMUP"", ""regime_hit_ok"": ""WARMUP""}, ""votes"": {""4"": 2, ""2"": 3, ""9"": 1}, ""stability"": {""50"": [0, 2, 3, 5, 6, 7, 8], ""100"": [0, 1, 3, 5, 6, 7, 8], ""125"": [0, 1, 3, 6, 7, 8, 9]}}",6,1,2026-09-25T22:56:23+07:00
202609252753,2026-09-25T22:56:23+07:00,"[3, 6, 0, 7, 4, 1, 9]","[2, 5, 8]",0.7526547373456718,0.7620237988459443,0.7074279939363315,0.07717506994008831,0.5,1,0.7142857142857143,BALANCED,26,0.7692307692307693,26,0.7692307692307693,0.026075275953919924,OK,0.334731369762332,69.330806232129,0,"{""failed"": [""consensus_ok"", ""stability_ok""], ""checks"": {""data_health_ok"": true, ""calibrated_probability_ok"": true, ""consensus_ok"": false, ""stability_ok"": false, ""drift_ok"": true, ""live_hit_ok"": true, ""regime_hit_ok"": true}, ""statuses"": {""data_health_ok"": ""PASS"", ""calibrated_probability_ok"": ""PASS"", ""consensus_ok"": ""FAIL"", ""stability_ok"": ""FAIL"", ""drift_ok"": ""PASS"", ""live_hit_ok"": ""WARMUP"", ""regime_hit_ok"": ""WARMUP""}, ""votes"": {""2"": 4, ""5"": 1, ""8"": 1}, ""stability"": {""50"": [0, 2, 3, 5, 6, 7, 8], ""100"": [0, 1, 3, 5, 6, 7, 8], ""126"": [0, 1, 3, 6, 7, 8, 9]}}",6,1,2026-09-25T22:56:53+07:00
202609252754,2026-09-25T22:56:53+07:00,"[3, 6, 0, 9, 7, 4, 1]","[2, 5, 8]",0.757947464125606,0.7693393464364281,0.7074279939363315,0.08751611899835078,0.5,1,0.7142857142857143,BALANCED,27,0.7777777777777778,27,0.7777777777777778,0.02534324964731258,OK,0.3220812352093303,70.43782110189778,0,"{""failed"": [""consensus_ok"", ""stability_ok""], ""checks"": {""data_health_ok"": true, ""calibrated_probability_ok"": true, ""consensus_ok"": false, ""stability_ok"": false, ""drift_ok"": true, ""live_hit_ok"": true, ""regime_hit_ok"": true}, ""statuses"": {""data_health_ok"": ""PASS"", ""calibrated_probability_ok"": ""PASS"", ""consensus_ok"": ""FAIL"", ""stability_ok"": ""FAIL"", ""drift_ok"": ""PASS"", ""live_hit_ok"": ""WARMUP"", ""regime_hit_ok"": ""WARMUP""}, ""votes"": {""2"": 4, ""5"": 1, ""8"": 1}, ""stability"": {""50"": [0, 2, 3, 5, 6, 7, 8], ""100"": [0, 1, 3, 5, 6, 7, 8], ""127"": [0, 1, 3, 6, 7, 8, 9]}}",7,1,2026-09-25T22:57:23+07:00
202609252755,2026-09-25T22:57:23+07:00,"[3, 9, 0, 6, 8, 5, 7]","[4, 2, 1]",0.7669836281935083,0.7899928818232645,0.7074279939363315,0.11671136652017175,0.6666666666666666,1,0.8571428571428571,BALANCED,28,0.7857142857142857,28,0.7857142857142857,0.033082867012565575,OK,0.38467126608788865,74.64056391626002,1,"{""failed"": [], ""checks"": {""data_health_ok"": true, ""calibrated_probability_ok"": true, ""consensus_ok"": true, ""stability_ok"": true, ""drift_ok"": true, ""live_hit_ok"": true, ""regime_hit_ok"": true}, ""statuses"": {""data_health_ok"": ""PASS"", ""calibrated_probability_ok"": ""PASS"", ""consensus_ok"": ""PASS"", ""stability_ok"": ""PASS"", ""drift_ok"": ""PASS"", ""live_hit_ok"": ""WARMUP"", ""regime_hit_ok"": ""WARMUP""}, ""votes"": {""4"": 2, ""2"": 4, ""1"": 2}, ""stability"": {""50"": [2, 3, 5, 6, 7, 8, 9], ""100"": [0, 1, 3, 5, 6, 7, 8], ""128"": [0, 1, 3, 6, 7, 8, 9]}}",7,1,2026-09-25T22:57:53+07:00
202609252756,2026-09-25T22:57:53+07:00,"[3, 6, 8, 9, 0, 7, 5]","[4, 2, 1]",0.7614555366710822,0.7801859333351358,0.7074279939363315,0.10284854433588109,0.6666666666666666,1,0.8571428571428571,BALANCED,29,0.7931034482758621,29,0.7931034482758621,0.03997712579856301,OK,0.3472372140540973,73.76723424753362,1,"{""failed"": [], ""checks"": {""data_health_ok"": true, ""calibrated_probability_ok"": true, ""consensus_ok"": true, ""stability_ok"": true, ""drift_ok"": true, ""live_hit_ok"": true, ""regime_hit_ok"": true}, ""statuses"": {""data_health_ok"": ""PASS"", ""calibrated_probability_ok"": ""PASS"", ""consensus_ok"": ""PASS"", ""stability_ok"": ""PASS"", ""drift_ok"": ""PASS"", ""live_hit_ok"": ""WARMUP"", ""regime_hit_ok"": ""WARMUP""}, ""votes"": {""4"": 2, ""2"": 4, ""1"": 2}, ""stability"": {""50"": [2, 3, 5, 6, 7, 8, 9], ""100"": [0, 1, 3, 5, 6, 7, 8], ""129"": [0, 1, 3, 6, 7, 8, 9]}}",7,1,2026-09-25T22:58:23+07:00
202609252757,2026-09-25T22:58:23+07:00,"[7, 3, 6, 8, 9, 0, 5]","[4, 2, 1]",0.7687847852482146,0.8125151240209629,0.7074279939363315,0.1485481645982039,0.75,2,0.8571428571428571,BALANCED,30,0.8,30,0.8,0.04659603704957489,OK,0.33067415590277743,77.35634890980016,1,"{""failed"": [], ""checks"": {""data_health_ok"": true, ""calibrated_probability_ok"": true, ""consensus_ok"": true, ""stability_ok"": true, ""drift_ok"": true, ""live_hit_ok"": true, ""regime_hit_ok"": true}, ""statuses"": {""data_health_ok"": ""PASS"", ""calibrated_probability_ok"": ""PASS"", ""consensus_ok"": ""PASS"", ""stability_ok"": ""PASS"", ""drift_ok"": ""PASS"", ""live_hit_ok"": ""WARMUP"", ""regime_hit_ok"": ""WARMUP""}, ""votes"": {""4"": 2, ""2"": 4, ""1"": 3}, ""stability"": {""50"": [2, 3, 5, 6, 7, 8, 9], ""100"": [0, 1, 3, 5, 6, 7, 8], ""130"": [0, 1, 3, 6, 7, 8, 9]}}",3,1,2026-09-25T22:58:53+07:00
202609252758,2026-09-25T22:58:53+07:00,"[7, 1, 3, 6, 0, 4, 5]","[9, 8, 2]",0.751463656587803,0.784887708465805,0.7074279939363315,0.10949483932416294,0.4166666666666667,1,0.7142857142857143,BALANCED,31,0.8064516129032258,31,0.8064516129032258,0.052551494394807434,OK,0.2927127071033324,69.04990694790656,0,"{""failed"": [""consensus_ok"", ""stability_ok""], ""checks"": {""data_health_ok"": true, ""calibrated_probability_ok"": true, ""consensus_ok"": false, ""stability_ok"": false, ""drift_ok"": true, ""live_hit_ok"": true, ""regime_hit_ok"": true}, ""statuses"": {""data_health_ok"": ""PASS"", ""calibrated_probability_ok"": ""PASS"", ""consensus_ok"": ""FAIL"", ""stability_ok"": ""FAIL"", ""drift_ok"": ""PASS"", ""live_hit_ok"": ""WARMUP"", ""regime_hit_ok"": ""WARMUP""}, ""votes"": {""9"": 1, ""8"": 1, ""2"": 3}, ""stability"": {""50"": [2, 3, 5, 6, 7, 8, 9], ""100"": [0, 1, 3, 5, 6, 7, 8], ""131"": [0, 1, 3, 6, 7, 8, 9]}}",1,1,2026-09-25T22:59:23+07:00
202609252759,2026-09-25T22:59:23+07:00,"[6, 0, 7, 3, 2, 4, 9]","[1, 5, 8]",0.7581478106771513,0.7915953117989043,0.7074279939363315,0.11897651575002247,0.4166666666666667,1,0.6666666666666666,BALANCED,32,0.8125,32,0.8125,0.05867602092660094,OK,0.22331520918798273,69.51985024658553,0,"{""failed"": [""consensus_ok"", ""stability_ok""], ""checks"": {""data_health_ok"": true, ""calibrated_probability_ok"": true, ""consensus_ok"": false, ""stability_ok"": false, ""drift_ok"": true, ""live_hit_ok"": true, ""regime_hit_ok"": true}, ""statuses"": {""data_health_ok"": ""PASS"", ""calibrated_probability_ok"": ""PASS"", ""consensus_ok"": ""FAIL"", ""stability_ok"": ""FAIL"", ""drift_ok"": ""PASS"", ""live_hit_ok"": ""WARMUP"", ""regime_hit_ok"": ""WARMUP""}, ""votes"": {""1"": 3, ""5"": 1, ""8"": 1}, ""stability"": {""50"": [2, 3, 5, 6, 7, 8, 9], ""100"": [0, 1, 3, 5, 6, 7, 8], ""132"": [0, 1, 3, 6, 7, 8, 9]}}",5,0,2026-09-25T22:59:53+07:00
202609252760,2026-09-25T22:59:53+07:00,"[8, 5, 6, 7, 3, 0, 1]","[2, 9, 4]",0.7569367569048343,0.7762025497754091,0.7074279939363315,0.0972177471468105,0.5,1,0.8571428571428572,BALANCED,33,0.7878787878787878,33,0.7878787878787878,0.03392378360527509,OK,0.287135071123339,72.66934973193877,0,"{""failed"": [""consensus_ok""], ""checks"": {""data_health_ok"": true, ""calibrated_probability_ok"": true, ""consensus_ok"": false, ""stability_ok"": true, ""drift_ok"": true, ""live_hit_ok"": true, ""regime_hit_ok"": true}, ""statuses"": {""data_health_ok"": ""PASS"", ""calibrated_probability_ok"": ""PASS"", ""consensus_ok"": ""FAIL"", ""stability_ok"": ""PASS"", ""drift_ok"": ""PASS"", ""live_hit_ok"": ""WARMUP"", ""regime_hit_ok"": ""WARMUP""}, ""votes"": {""2"": 4, ""9"": 1, ""4"": 1}, ""stability"": {""50"": [2, 3, 5, 6, 7, 8, 9], ""100"": [0, 1, 3, 5, 6, 7, 8], ""133"": [0, 1, 3, 6, 7, 8, 9]}}",6,1,2026-09-25T23:00:23+07:00
202609252761,2026-09-25T23:00:23+07:00,"[3, 6, 0, 7, 1, 9, 8]","[2, 4, 5]",0.7622878518664988,0.7823288340246293,0.7074279939363315,0.10587768752481518,0.5,1,0.8571428571428571,BALANCED,34,0.7941176470588235,34,0.7941176470588235,0.04007494417850713,OK,0.3216315838168007,72.24257903095032,0,"{""failed"": [""consensus_ok""], ""checks"": {""data_health_ok"": true, ""calibrated_probability_ok"": true, ""consensus_ok"": false, ""stability_ok"": true, ""drift_ok"": true, ""live_hit_ok"": true, ""regime_hit_ok"": true}, ""statuses"": {""data_health_ok"": ""PASS"", ""calibrated_probability_ok"": ""PASS"", ""consensus_ok"": ""FAIL"", ""stability_ok"": ""PASS"", ""drift_ok"": ""PASS"", ""live_hit_ok"": ""WARMUP"", ""regime_hit_ok"": ""WARMUP""}, ""votes"": {""2"": 4, ""4"": 1, ""5"": 1}, ""stability"": {""50"": [2, 3, 5, 6, 7, 8, 9], ""100"": [0, 1, 3, 5, 6, 7, 8], ""134"": [0, 1, 3, 6, 7, 8, 9]}}",2,0,2026-09-25T23:00:53+07:00
202609252762,2026-09-25T23:00:53+07:00,"[6, 3, 0, 7, 8, 5, 1]","[4, 9, 2]",0.7613494622129844,0.7677634408047215,0.7074279939363315,0.08528846382324559,0.5,1,0.8571428571428572,BALANCED,35,0.7714285714285715,35,0.7714285714285715,0.01715029286293552,OK,0.2852688156859256,73.29135431246806,0,"{""failed"": [""consensus_ok""], ""checks"": {""data_health_ok"": true, ""calibrated_probability_ok"": true, ""consensus_ok"": false, ""stability_ok"": true, ""drift_ok"": true, ""live_hit_ok"": true, ""regime_hit_ok"": true}, ""statuses"": {""data_health_ok"": ""PASS"", ""calibrated_probability_ok"": ""PASS"", ""consensus_ok"": ""FAIL"", ""stability_ok"": ""PASS"", ""drift_ok"": ""PASS"", ""live_hit_ok"": ""WARMUP"", ""regime_hit_ok"": ""WARMUP""}, ""votes"": {""4"": 1, ""9"": 1, ""2"": 4}, ""stability"": {""50"": [2, 3, 5, 6, 7, 8, 9], ""100"": [0, 1, 3, 5, 6, 7, 8], ""135"": [0, 1, 3, 6, 7, 8, 9]}}",4,0,2026-09-25T23:01:23+07:00
202609252763,2026-09-25T23:01:23+07:00,"[3, 6, 7, 8, 1, 0, 5]","[4, 9, 2]",0.7557985971238976,0.7520709275442492,0.7074279939363315,0.06310597543576359,0.5,1,0.8571428571428572,BALANCED,36,0.75,36,0.75,0.03544357957320201,OK,0.2800590066791172,69.5466067556057,0,"{""failed"": [""consensus_ok""], ""checks"": {""data_health_ok"": true, ""calibrated_probability_ok"": true, ""consensus_ok"": false, ""stability_ok"": true, ""drift_ok"": true, ""live_hit_ok"": true, ""regime_hit_ok"": true}, ""statuses"": {""data_health_ok"": ""PASS"", ""calibrated_probability_ok"": ""PASS"", ""consensus_ok"": ""FAIL"", ""stability_ok"": ""PASS"", ""drift_ok"": ""PASS"", ""live_hit_ok"": ""WARMUP"", ""regime_hit_ok"": ""WARMUP""}, ""votes"": {""4"": 1, ""9"": 1, ""2"": 4}, ""stability"": {""50"": [2, 3, 5, 6, 7, 8, 9], ""100"": [0, 1, 3, 5, 6, 7, 8], ""136"": [0, 1, 3, 6, 7, 8, 9]}}",4,0,2026-09-25T23:01:53+07:00
202609252764,2026-09-25T23:01:53+07:00,"[3, 6, 7, 8, 1, 4, 0]","[9, 2, 5]",0.7454661501398853,0.730523625049959,0.7074279939363315,0.032647324267049145,0.5,1,0.7619047619047619,BALANCED,37,0.7297297297297297,37,0.7297297297297297,0.05491263410159919,OK,0.29244275214062754,63.76019117952827,0,"{""failed"": [""consensus_ok""], ""checks"": {""data_health_ok"": true, ""calibrated_probability_ok"": true, ""consensus_ok"": false, ""stability_ok"": true, ""drift_ok"": true, ""live_hit_ok"": true, ""regime_hit_ok"": true}, ""statuses"": {""data_health_ok"": ""PASS"", ""calibrated_probability_ok"": ""PASS"", ""consensus_ok"": ""FAIL"", ""stability_ok"": ""PASS"", ""drift_ok"": ""PASS"", ""live_hit_ok"": ""WARMUP"", ""regime_hit_ok"": ""WARMUP""}, ""votes"": {""9"": 1, ""2"": 4, ""5"": 1}, ""stability"": {""50"": [2, 3, 5, 6, 7, 8, 9], ""100"": [0, 1, 3, 5, 6, 7, 8], ""137"": [0, 1, 3, 6, 7, 8, 9]}}",7,1,2026-09-25T23:02:23+07:00
202609252765,2026-09-25T23:02:23+07:00,"[3, 8, 7, 6, 9, 0, 5]","[4, 2, 1]",0.7628245566643451,0.7458015712635673,0.7074279939363315,0.05424379252185688,0.6666666666666666,1,0.8571428571428571,BALANCED,38,0.7368421052631579,38,0.7368421052631579,0.06016582398998116,OK,0.34122136121905877,67.32661599658154,1,"{""failed"": [], ""checks"": {""data_health_ok"": true, ""calibrated_probability_ok"": true, ""consensus_ok"": true, ""stability_ok"": true, ""drift_ok"": true, ""live_hit_ok"": true, ""regime_hit_ok"": true}, ""statuses"": {""data_health_ok"": ""PASS"", ""calibrated_probability_ok"": ""PASS"", ""consensus_ok"": ""PASS"", ""stability_ok"": ""PASS"", ""drift_ok"": ""PASS"", ""live_hit_ok"": ""WARMUP"", ""regime_hit_ok"": ""WARMUP""}, ""votes"": {""4"": 2, ""2"": 4, ""1"": 2}, ""stability"": {""50"": [2, 3, 5, 6, 7, 8, 9], ""100"": [0, 1, 3, 5, 6, 7, 8], ""138"": [0, 1, 3, 6, 7, 8, 9]}}",4,0,2026-09-25T23:02:53+07:00
202609252766,2026-09-25T23:02:53+07:00,"[3, 7, 6, 8, 1, 4, 0]","[9, 2, 5]",0.747795127142562,0.7280661447940888,0.7074279939363315,0.029173500391072693,0.5,1,0.7619047619047619,BALANCED,39,0.717948717948718,39,0.717948717948718,0.0781827145713751,OK,0.29044062929206355,60.85404686064081,0,"{""failed"": [""consensus_ok""], ""checks"": {""data_health_ok"": true, ""calibrated_probability_ok"": true, ""consensus_ok"": false, ""stability_ok"": true, ""drift_ok"": true, ""live_hit_ok"": true, ""regime_hit_ok"": true}, ""statuses"": {""data_health_ok"": ""PASS"", ""calibrated_probability_ok"": ""PASS"", ""consensus_ok"": ""FAIL"", ""stability_ok"": ""PASS"", ""drift_ok"": ""PASS"", ""live_hit_ok"": ""WARMUP"", ""regime_hit_ok"": ""WARMUP""}, ""votes"": {""9"": 1, ""2"": 4, ""5"": 1}, ""stability"": {""50"": [2, 3, 5, 6, 7, 8, 9], ""100"": [0, 1, 3, 5, 6, 7, 8], ""139"": [0, 1, 3, 6, 7, 8, 9]}}",2,0,2026-09-25T23:03:23+07:00
202609252767,2026-09-25T23:03:23+07:00,"[6, 3, 0, 7, 4, 8, 5]","[9, 1, 2]",0.751877427088649,0.7172924756962163,0.7074279939363315,0.013944149573437212,0.6666666666666666,2,0.7619047619047619,BALANCED,40,0.7,40,0.7,0.05753326852852666,OK,0.3295537279533371,63.15182733622059,0,"{""failed"": [""calibrated_probability_ok""], ""checks"": {""data_health_ok"": true, ""calibrated_probability_ok"": false, ""consensus_ok"": true, ""stability_ok"": true, ""drift_ok"": true, ""live_hit_ok"": true, ""regime_hit_ok"": true}, ""statuses"": {""data_health_ok"": ""PASS"", ""calibrated_probability_ok"": ""FAIL"", ""consensus_ok"": ""PASS"", ""stability_ok"": ""PASS"", ""drift_ok"": ""PASS"", ""live_hit_ok"": ""WARMUP"", ""regime_hit_ok"": ""WARMUP""}, ""votes"": {""9"": 1, ""1"": 4, ""2"": 3}, ""stability"": {""50"": [2, 3, 5, 6, 7, 8, 9], ""100"": [0, 1, 3, 5, 6, 7, 8], ""140"": [0, 1, 3, 6, 7, 8, 9]}}",6,1,2026-09-25T23:03:53+07:00
202609252768,2026-09-25T23:03:53+07:00,"[3, 7, 6, 0, 1, 4, 9]","[5, 8, 2]",0.7591998217144118,0.7243278103981677,0.7074279939363315,0.023889097698552724,0.4166666666666667,1,0.7142857142857143,BALANCED,41,0.7073170731707317,41,0.7073170731707317,0.05007824800560278,OK,0.34330931220071725,60.81685386566692,0,"{""failed"": [""consensus_ok"", ""stability_ok""], ""checks"": {""data_health_ok"": true, ""calibrated_probability_ok"": true, ""consensus_ok"": false, ""stability_ok"": false, ""drift_ok"": true, ""live_hit_ok"": true, ""regime_hit_ok"": true}, ""statuses"": {""data_health_ok"": ""PASS"", ""calibrated_probability_ok"": ""PASS"", ""consensus_ok"": ""FAIL"", ""stability_ok"": ""FAIL"", ""drift_ok"": ""PASS"", ""live_hit_ok"": ""WARMUP"", ""regime_hit_ok"": ""WARMUP""}, ""votes"": {""5"": 1, ""8"": 1, ""2"": 3}, ""stability"": {""50"": [2, 3, 5, 6, 7, 8, 9], ""100"": [0, 1, 3, 5, 6, 7, 8], ""141"": [0, 1, 3, 6, 7, 8, 9]}}",2,0,2026-09-25T23:04:23+07:00
202609252769,2026-09-25T23:04:23+07:00,"[6, 3, 0, 4, 7, 8, 5]","[9, 1, 2]",0.7578704609350693,0.7122162777209902,0.7074279939363315,0.006768581149885401,0.6666666666666666,2,0.7619047619047619,BALANCED,42,0.6904761904761905,42,0.6904761904761905,0.06696209499866973,OK,0.3140873867541836,61.70131733359576,0,"{""failed"": [""calibrated_probability_ok""], ""checks"": {""data_health_ok"": true, ""calibrated_probability_ok"": false, ""consensus_ok"": true, ""stability_ok"": true, ""drift_ok"": true, ""live_hit_ok"": true, ""regime_hit_ok"": true}, ""statuses"": {""data_health_ok"": ""PASS"", ""calibrated_probability_ok"": ""FAIL"", ""consensus_ok"": ""PASS"", ""stability_ok"": ""PASS"", ""drift_ok"": ""PASS"", ""live_hit_ok"": ""WARMUP"", ""regime_hit_ok"": ""WARMUP""}, ""votes"": {""9"": 1, ""1"": 4, ""2"": 3}, ""stability"": {""50"": [2, 3, 5, 6, 7, 8, 9], ""100"": [0, 1, 3, 5, 6, 7, 8], ""142"": [0, 2, 3, 6, 7, 8, 9]}}",3,1,2026-09-25T23:04:53+07:00
202609252770,2026-09-25T23:04:53+07:00,"[1, 3, 7, 6, 0, 5, 9]","[8, 4, 2]",0.7432373189642608,0.702700760316151,0.7074279939363315,-0.0066822823816694256,0.3333333333333333,0,0.7619047619047619,BALANCED,43,0.6976744186046512,43,0.6976744186046512,0.059773917462306904,OK,0.324307424217142,57.90161713914186,0,"{""failed"": [""calibrated_probability_ok"", ""consensus_ok""], ""checks"": {""data_health_ok"": true, ""calibrated_probability_ok"": false, ""consensus_ok"": false, ""stability_ok"": true, ""drift_ok"": true, ""live_hit_ok"": true, ""regime_hit_ok"": true}, ""statuses"": {""data_health_ok"": ""PASS"", ""calibrated_probability_ok"": ""FAIL"", ""consensus_ok"": ""FAIL"", ""stability_ok"": ""PASS"", ""drift_ok"": ""PASS"", ""live_hit_ok"": ""WARMUP"", ""regime_hit_ok"": ""WARMUP""}, ""votes"": {""8"": 1, ""4"": 1, ""2"": 2}, ""stability"": {""50"": [2, 3, 5, 6, 7, 8, 9], ""100"": [0, 1, 3, 5, 6, 7, 8], ""143"": [0, 2, 3, 6, 7, 8, 9]}}",4,0,2026-09-25T23:05:23+07:00
202609252771,2026-09-25T23:05:23+07:00,"[3, 7, 8, 6, 2, 4, 1]","[9, 5, 0]",0.7530832438858828,0.7040885137143383,0.7074279939363315,-0.004720593828088886,0.5,1,0.7619047619047619,BALANCED,44,0.6818181818181818,44,0.6818181818181818,0.07238996981325736,OK,0.27730404160762157,58.927197191388345,0,"{""failed"": [""calibrated_probability_ok"", ""consensus_ok""], ""checks"": {""data_health_ok"": true, ""calibrated_probability_ok"": false, ""consensus_ok"": false, ""stability_ok"": true, ""drift_ok"": true, ""live_hit_ok"": true, ""regime_hit_ok"": true}, ""statuses"": {""data_health_ok"": ""PASS"", ""calibrated_probability_ok"": ""FAIL"", ""consensus_ok"": ""FAIL"", ""stability_ok"": ""PASS"", ""drift_ok"": ""PASS"", ""live_hit_ok"": ""WARMUP"", ""regime_hit_ok"": ""WARMUP""}, ""votes"": {""9"": 2, ""5"": 1, ""0"": 3}, ""stability"": {""50"": [2, 3, 4, 5, 6, 7, 8], ""100"": [0, 1, 3, 5, 6, 7, 8], ""144"": [0, 3, 4, 6, 7, 8, 9]}}",6,1,2026-09-25T23:05:53+07:00
202609252772,2026-09-25T23:05:53+07:00,"[3, 6, 0, 7, 2, 4, 1]","[8, 5, 9]",0.7498935782950281,0.7076595625523163,0.7074279939363315,0.00032733877930990474,0.25,0,0.7142857142857143,BALANCED,45,0.6888888888888889,45,0.6888888888888889,0.065294264792649,OK,0.2684721785994846,56.265830253947094,0,"{""failed"": [""calibrated_probability_ok"", ""consensus_ok"", ""stability_ok""], ""checks"": {""data_health_ok"": true, ""calibrated_probability_ok"": false, ""consensus_ok"": false, ""stability_ok"": false, ""drift_ok"": true, ""live_hit_ok"": true, ""regime_hit_ok"": true}, ""statuses"": {""data_health_ok"": ""PASS"", ""calibrated_probability_ok"": ""FAIL"", ""consensus_ok"": ""FAIL"", ""stability_ok"": ""FAIL"", ""drift_ok"": ""PASS"", ""live_hit_ok"": ""WARMUP"", ""regime_hit_ok"": ""WARMUP""}, ""votes"": {""8"": 1, ""5"": 1, ""9"": 1}, ""stability"": {""50"": [2, 3, 4, 5, 6, 7, 8], ""100"": [0, 1, 3, 5, 6, 7, 8], ""145"": [0, 3, 4, 6, 7, 8, 9]}}",9,0,2026-09-25T23:06:23+07:00
202609252773,2026-09-25T23:06:23+07:00,"[3, 6, 9, 8, 7, 0, 2]","[1, 4, 5]",0.7591201253539002,0.6997333713193636,0.7074279939363315,-0.010876898684985268,0.5833333333333334,1,0.7619047619047619,BALANCED,46,0.6739130434782609,46,0.6739130434782609,0.08017685856443986,OK,0.2643653264398208,59.13980553197271,0,"{""failed"": [""calibrated_probability_ok""], ""checks"": {""data_health_ok"": true, ""calibrated_probability_ok"": false, ""consensus_ok"": true, ""stability_ok"": true, ""drift_ok"": true, ""live_hit_ok"": true, ""regime_hit_ok"": true}, ""statuses"": {""data_health_ok"": ""PASS"", ""calibrated_probability_ok"": ""FAIL"", ""consensus_ok"": ""PASS"", ""stability_ok"": ""PASS"", ""drift_ok"": ""PASS"", ""live_hit_ok"": ""WARMUP"", ""regime_hit_ok"": ""WARMUP""}, ""votes"": {""1"": 4, ""4"": 2, ""5"": 1}, ""stability"": {""50"": [2, 3, 4, 5, 6, 7, 8], ""100"": [0, 1, 3, 5, 6, 7, 8], ""146"": [0, 3, 4, 6, 7, 8, 9]}}",1,0,2026-09-25T23:06:53+07:00
202609252774,2026-09-25T23:06:53+07:00,"[6, 3, 0, 7, 2, 5, 4]","[1, 8, 9]",0.7408976014935569,0.6690305004667365,0.7074279939363315,-0.054277599697377506,0.5,1,0.7142857142857143,BALANCED,47,0.6595744680851063,47,0.6595744680851063,0.09462245998549232,OK,0.23713664938493434,56.017862307419556,0,"{""failed"": [""calibrated_probability_ok"", ""consensus_ok"", ""stability_ok""], ""checks"": {""data_health_ok"": true, ""calibrated_probability_ok"": false, ""consensus_ok"": false, ""stability_ok"": false, ""drift_ok"": true, ""live_hit_ok"": true, ""regime_hit_ok"": true}, ""statuses"": {""data_health_ok"": ""PASS"", ""calibrated_probability_ok"": ""FAIL"", ""consensus_ok"": ""FAIL"", ""stability_ok"": ""FAIL"", ""drift_ok"": ""PASS"", ""live_hit_ok"": ""WARMUP"", ""regime_hit_ok"": ""WARMUP""}, ""votes"": {""1"": 4, ""8"": 1, ""9"": 1}, ""stability"": {""50"": [2, 3, 4, 5, 6, 7, 8], ""100"": [0, 1, 3, 4, 6, 7, 8], ""147"": [0, 1, 3, 6, 7, 8, 9]}}",9,0,2026-09-25T23:07:23+07:00
202609252775,2026-09-25T23:07:23+07:00,"[6, 3, 0, 8, 7, 9, 2]","[4, 5, 1]",0.7451709409634482,0.6702002808846114,0.7074279939363315,-0.05262403152096721,0.5,1,0.7619047619047619,BALANCED,48,0.6458333333333334,48,0.6458333333333334,0.10808652543357697,OK,0.237412366889131,54.863235806574,0,"{""failed"": [""calibrated_probability_ok"", ""consensus_ok""], ""checks"": {""data_health_ok"": true, ""calibrated_probability_ok"": false, ""consensus_ok"": false, ""stability_ok"": true, ""drift_ok"": true, ""live_hit_ok"": true, ""regime_hit_ok"": true}, ""statuses"": {""data_health_ok"": ""PASS"", ""calibrated_probability_ok"": ""FAIL"", ""consensus_ok"": ""FAIL"", ""stability_ok"": ""PASS"", ""drift_ok"": ""PASS"", ""live_hit_ok"": ""WARMUP"", ""regime_hit_ok"": ""WARMUP""}, ""votes"": {""4"": 2, ""5"": 1, ""1"": 3}, ""stability"": {""50"": [2, 3, 4, 5, 6, 7, 8], ""100"": [0, 1, 3, 4, 6, 7, 8], ""148"": [0, 1, 3, 6, 7, 8, 9]}}",3,1,2026-09-25T23:07:53+07:00
202609252776,2026-09-25T23:07:53+07:00,"[1, 7, 3, 5, 6, 4, 0]","[8, 9, 2]",0.7492373161015357,0.6809383524931988,0.7074279939363315,-0.03744500029711403,0.4166666666666667,0,0.7619047619047619,BALANCED,49,0.6530612244897959,49,0.6530612244897959,0.10068008493418662,OK,0.24726180048514124,54.636972948671904,0,"{""failed"": [""calibrated_probability_ok"", ""consensus_ok""], ""checks"": {""data_health_ok"": true, ""calibrated_probability_ok"": false, ""consensus_ok"": false, ""stability_ok"": true, ""drift_ok"": true, ""live_hit_ok"": true, ""regime_hit_ok"": true}, ""statuses"": {""data_health_ok"": ""PASS"", ""calibrated_probability_ok"": ""FAIL"", ""consensus_ok"": ""FAIL"", ""stability_ok"": ""PASS"", ""drift_ok"": ""PASS"", ""live_hit_ok"": ""WARMUP"", ""regime_hit_ok"": ""WARMUP""}, ""votes"": {""8"": 1, ""9"": 2, ""2"": 2}, ""stability"": {""50"": [2, 3, 4, 5, 6, 7, 8], ""100"": [0, 1, 3, 4, 6, 7, 8], ""149"": [0, 1, 3, 6, 7, 8, 9]}}",1,1,2026-09-25T23:08:23+07:00
202609252777,2026-09-25T23:08:23+07:00,"[6, 0, 7, 3, 5, 4, 2]","[1, 8, 9]",0.7517330493876642,0.6862094426821898,0.7074279939363315,-0.02999393780853321,0.4166666666666667,1,0.6666666666666666,BALANCED,50,0.66,50,0.66,0.09365122955753358,OK,0.18810336422435975,55.17378352908525,0,"{""failed"": [""calibrated_probability_ok"", ""consensus_ok"", ""stability_ok"", ""regime_hit_ok""], ""checks"": {""data_health_ok"": true, ""calibrated_probability_ok"": false, ""consensus_ok"": false, ""stability_ok"": false, ""drift_ok"": true, ""live_hit_ok"": true, ""regime_hit_ok"": false}, ""statuses"": {""data_health_ok"": ""PASS"", ""calibrated_probability_ok"": ""FAIL"", ""consensus_ok"": ""FAIL"", ""stability_ok"": ""FAIL"", ""drift_ok"": ""PASS"", ""live_hit_ok"": ""WARMUP"", ""regime_hit_ok"": ""FAIL""}, ""votes"": {""1"": 3, ""8"": 1, ""9"": 1}, ""stability"": {""50"": [1, 2, 3, 5, 6, 7, 8], ""100"": [0, 1, 3, 4, 6, 7, 8], ""150"": [0, 1, 3, 6, 7, 8, 9]}}",6,1,2026-09-25T23:08:53+07:00
202609252778,2026-09-25T23:08:53+07:00,"[3, 6, 1, 7, 0, 9, 2]","[5, 8, 4]",0.7609287247745887,0.6932193590914334,0.7074279939363315,-0.020084920255752387,0.5,1,0.7619047619047619,BALANCED,51,0.6666666666666666,51,0.6666666666666666,0.08694695151498702,OK,0.17402168834472526,58.466534180654975,0,"{""failed"": [""calibrated_probability_ok"", ""consensus_ok"", ""regime_hit_ok""], ""checks"": {""data_health_ok"": true, ""calibrated_probability_ok"": false, ""consensus_ok"": false, ""stability_ok"": true, ""drift_ok"": true, ""live_hit_ok"": true, ""regime_hit_ok"": false}, ""statuses"": {""data_health_ok"": ""PASS"", ""calibrated_probability_ok"": ""FAIL"", ""consensus_ok"": ""FAIL"", ""stability_ok"": ""PASS"", ""drift_ok"": ""PASS"", ""live_hit_ok"": ""WARMUP"", ""regime_hit_ok"": ""FAIL""}, ""votes"": {""5"": 3, ""8"": 1, ""4"": 2}, ""stability"": {""50"": [1, 2, 3, 4, 6, 7, 8], ""100"": [0, 1, 3, 4, 6, 7, 8], ""151"": [0, 1, 3, 6, 7, 8, 9]}}",1,1,2026-09-25T23:09:23+07:00
202609252779,2026-09-25T23:09:23+07:00,"[2, 6, 3, 0, 7, 9, 4]","[8, 1, 5]",0.7514252379656853,0.694840343879357,0.7074279939363315,-0.017793542473394628,0.5,1,0.7142857142857143,BALANCED,52,0.6730769230769231,52,0.6730769230769231,0.0806773702315178,OK,0.14097560258585606,59.143607292685616,0,"{""failed"": [""calibrated_probability_ok"", ""consensus_ok"", ""stability_ok"", ""regime_hit_ok""], ""checks"": {""data_health_ok"": true, ""calibrated_probability_ok"": false, ""consensus_ok"": false, ""stability_ok"": false, ""drift_ok"": true, ""live_hit_ok"": true, ""regime_hit_ok"": false}, ""statuses"": {""data_health_ok"": ""PASS"", ""calibrated_probability_ok"": ""FAIL"", ""consensus_ok"": ""FAIL"", ""stability_ok"": ""FAIL"", ""drift_ok"": ""PASS"", ""live_hit_ok"": ""WARMUP"", ""regime_hit_ok"": ""FAIL""}, ""votes"": {""8"": 1, ""1"": 3, ""5"": 2}, ""stability"": {""50"": [1, 2, 3, 4, 6, 7, 8], ""100"": [0, 1, 3, 4, 6, 7, 8], ""152"": [0, 1, 3, 6, 7, 8, 9]}}",1,0,2026-09-25T23:09:53+07:00
202609252780,2026-09-25T23:09:53+07:00,"[6, 3, 0, 7, 2, 1, 9]","[8, 5, 4]",0.7385538338690115,0.668158238248289,0.7074279939363315,-0.05551060464759721,0.3333333333333333,0,0.7619047619047619,BALANCED,53,0.660377358490566,53,0.660377358490566,0.0933329903774456,OK,0.12145233273163374,56.29088570048373,0,"{""failed"": [""calibrated_probability_ok"", ""consensus_ok"", ""regime_hit_ok""], ""checks"": {""data_health_ok"": true, ""calibrated_probability_ok"": false, ""consensus_ok"": false, ""stability_ok"": true, ""drift_ok"": true, ""live_hit_ok"": true, ""regime_hit_ok"": false}, ""statuses"": {""data_health_ok"": ""PASS"", ""calibrated_probability_ok"": ""FAIL"", ""consensus_ok"": ""FAIL"", ""stability_ok"": ""PASS"", ""drift_ok"": ""PASS"", ""live_hit_ok"": ""WARMUP"", ""regime_hit_ok"": ""FAIL""}, ""votes"": {""8"": 1, ""5"": 2, ""4"": 1}, ""stability"": {""50"": [1, 2, 3, 4, 6, 7, 8], ""100"": [0, 1, 3, 4, 6, 7, 8], ""153"": [0, 1, 3, 6, 7, 8, 9]}}",6,1,2026-09-25T23:10:23+07:00
202609252781,2026-09-25T23:10:23+07:00,"[3, 1, 6, 7, 0, 9, 2]","[5, 8, 4]",0.7648436570201794,0.6943221569070929,0.7074279939363315,-0.018526036772045198,0.5,1,0.7619047619047619,BALANCED,54,0.6666666666666666,54,0.6666666666666666,0.08676300599765976,OK,0.12651071256354882,59.14556983567068,0,"{""failed"": [""calibrated_probability_ok"", ""consensus_ok"", ""regime_hit_ok""], ""checks"": {""data_health_ok"": true, ""calibrated_probability_ok"": false, ""consensus_ok"": false, ""stability_ok"": true, ""drift_ok"": true, ""live_hit_ok"": true, ""regime_hit_ok"": false}, ""statuses"": {""data_health_ok"": ""PASS"", ""calibrated_probability_ok"": ""FAIL"", ""consensus_ok"": ""FAIL"", ""stability_ok"": ""PASS"", ""drift_ok"": ""PASS"", ""live_hit_ok"": ""WARMUP"", ""regime_hit_ok"": ""FAIL""}, ""votes"": {""5"": 3, ""8"": 1, ""4"": 2}, ""stability"": {""50"": [1, 2, 3, 4, 6, 7, 8], ""100"": [0, 1, 3, 4, 6, 7, 8], ""154"": [0, 1, 3, 6, 7, 8, 9]}}",7,1,2026-09-25T23:10:53+07:00
202609252782,2026-09-25T23:10:53+07:00,"[3, 7, 9, 0, 6, 8, 1]","[2, 5, 4]",0.7576898956071489,0.6953839721619064,0.7074279939363315,-0.017025085065419505,0.5,1,0.8571428571428571,BALANCED,55,0.6727272727272727,55,0.6727272727272727,0.08090992692534192,OK,0.11893145202128337,61.20252442189326,0,"{""failed"": [""calibrated_probability_ok"", ""consensus_ok"", ""regime_hit_ok""], ""checks"": {""data_health_ok"": true, ""calibrated_probability_ok"": false, ""consensus_ok"": false, ""stability_ok"": true, ""drift_ok"": true, ""live_hit_ok"": true, ""regime_hit_ok"": false}, ""statuses"": {""data_health_ok"": ""PASS"", ""calibrated_probability_ok"": ""FAIL"", ""consensus_ok"": ""FAIL"", ""stability_ok"": ""PASS"", ""drift_ok"": ""PASS"", ""live_hit_ok"": ""WARMUP"", ""regime_hit_ok"": ""FAIL""}, ""votes"": {""2"": 3, ""5"": 2, ""4"": 1}, ""stability"": {""50"": [1, 2, 3, 4, 6, 7, 8], ""100"": [0, 1, 3, 4, 6, 7, 8], ""155"": [0, 1, 3, 6, 7, 8, 9]}}",7,1,2026-09-25T23:11:23+07:00
202609252783,2026-09-25T23:11:23+07:00,"[7, 3, 6, 9, 0, 8, 1]","[2, 5, 4]",0.7595482757719417,0.6998811252031425,0.7074279939363315,-0.010668038016415058,0.5,1,0.8571428571428571,BALANCED,56,0.6785714285714286,56,0.6785714285714286,0.07513814065180266,OK,0.17607160808682845,61.15624277613604,0,"{""failed"": [""calibrated_probability_ok"", ""consensus_ok"", ""regime_hit_ok""], ""checks"": {""data_health_ok"": true, ""calibrated_probability_ok"": false, ""consensus_ok"": false, ""stability_ok"": true, ""drift_ok"": true, ""live_hit_ok"": true, ""regime_hit_ok"": false}, ""statuses"": {""data_health_ok"": ""PASS"", ""calibrated_probability_ok"": ""FAIL"", ""consensus_ok"": ""FAIL"", ""stability_ok"": ""PASS"", ""drift_ok"": ""PASS"", ""live_hit_ok"": ""WARMUP"", ""regime_hit_ok"": ""FAIL""}, ""votes"": {""2"": 3, ""5"": 2, ""4"": 1}, ""stability"": {""50"": [1, 2, 3, 4, 6, 7, 8], ""100"": [0, 1, 3, 4, 6, 7, 8], ""156"": [0, 1, 3, 6, 7, 8, 9]}}",4,0,2026-09-25T23:11:53+07:00
202609252784,2026-09-25T23:11:53+07:00,"[3, 6, 7, 2, 1, 4, 8]","[9, 5, 0]",0.7590754918062033,0.6906689589107021,0.7074279939363315,-0.023690093082657602,0.5833333333333334,1,0.8571428571428572,BALANCED,57,0.6666666666666666,57,0.6666666666666666,0.08714533600478759,OK,0.17632183545670121,60.646065499110605,0,"{""failed"": [""calibrated_probability_ok"", ""regime_hit_ok""], ""checks"": {""data_health_ok"": true, ""calibrated_probability_ok"": false, ""consensus_ok"": true, ""stability_ok"": true, ""drift_ok"": true, ""live_hit_ok"": true, ""regime_hit_ok"": false}, ""statuses"": {""data_health_ok"": ""PASS"", ""calibrated_probability_ok"": ""FAIL"", ""consensus_ok"": ""PASS"", ""stability_ok"": ""PASS"", ""drift_ok"": ""PASS"", ""live_hit_ok"": ""WARMUP"", ""regime_hit_ok"": ""FAIL""}, ""votes"": {""9"": 2, ""5"": 2, ""0"": 3}, ""stability"": {""50"": [1, 2, 3, 4, 6, 7, 8], ""100"": [0, 1, 3, 4, 6, 7, 8], ""157"": [0, 1, 3, 6, 7, 8, 9]}}",6,1,2026-09-25T23:12:23+07:00
202609252785,2026-09-25T23:12:23+07:00,"[6, 7, 3, 0, 9, 1, 4]","[5, 8, 2]",0.763842474720431,0.6878532828211661,0.7074279939363315,-0.027670252354937346,0.5,1,0.8095238095238094,BALANCED,58,0.6724137931034483,58,0.6724137931034483,0.08148895938067408,OK,0.2419376303572649,58.830714311740486,0,"{""failed"": [""calibrated_probability_ok"", ""consensus_ok"", ""regime_hit_ok""], ""checks"": {""data_health_ok"": true, ""calibrated_probability_ok"": false, ""consensus_ok"": false, ""stability_ok"": true, ""drift_ok"": true, ""live_hit_ok"": true, ""regime_hit_ok"": false}, ""statuses"": {""data_health_ok"": ""PASS"", ""calibrated_probability_ok"": ""FAIL"", ""consensus_ok"": ""FAIL"", ""stability_ok"": ""PASS"", ""drift_ok"": ""PASS"", ""live_hit_ok"": ""WARMUP"", ""regime_hit_ok"": ""FAIL""}, ""votes"": {""5"": 2, ""8"": 1, ""2"": 3}, ""stability"": {""50"": [1, 2, 3, 4, 6, 7, 8], ""100"": [0, 1, 3, 4, 6, 7, 8], ""158"": [0, 1, 3, 6, 7, 8, 9]}}",4,1,2026-09-25T23:12:53+07:00
202609252786,2026-09-25T23:12:53+07:00,"[6, 3, 7, 1, 4, 8, 2]","[9, 5, 0]",0.766309234241481,0.7110157957977282,0.7074279939363315,0.005071614202645743,0.5833333333333334,1,0.8571428571428572,BALANCED,59,0.6779661016949152,59,0.6779661016949152,0.07610512065761907,OK,0.2555653081901987,61.292530531151336,0,"{""failed"": [""calibrated_probability_ok"", ""regime_hit_ok""], ""checks"": {""data_health_ok"": true, ""calibrated_probability_ok"": false, ""consensus_ok"": true, ""stability_ok"": true, ""drift_ok"": true, ""live_hit_ok"": true, ""regime_hit_ok"": false}, ""statuses"": {""data_health_ok"": ""PASS"", ""calibrated_probability_ok"": ""FAIL"", ""consensus_ok"": ""PASS"", ""stability_ok"": ""PASS"", ""drift_ok"": ""PASS"", ""live_hit_ok"": ""WARMUP"", ""regime_hit_ok"": ""FAIL""}, ""votes"": {""9"": 2, ""5"": 2, ""0"": 3}, ""stability"": {""50"": [1, 2, 3, 4, 6, 7, 8], ""100"": [0, 1, 3, 4, 6, 7, 8], ""159"": [0, 1, 3, 6, 7, 8, 9]}}",0,0,2026-09-25T23:13:23+07:00
202609252787,2026-09-25T23:13:23+07:00,"[6, 0, 7, 1, 3, 8, 5]","[4, 2, 9]",0.7342949517770103,0.6982171724303157,0.7074279939363315,-0.013020154114575229,0.4166666666666667,1,0.8095238095238094,BALANCED,60,0.6666666666666666,60,0.6666666666666666,0.0876085225506835,OK,0.26098253301557883,56.74340245035727,0,"{""failed"": [""calibrated_probability_ok"", ""consensus_ok"", ""regime_hit_ok""], ""checks"": {""data_health_ok"": true, ""calibrated_probability_ok"": false, ""consensus_ok"": false, ""stability_ok"": true, ""drift_ok"": true, ""live_hit_ok"": true, ""regime_hit_ok"": false}, ""statuses"": {""data_health_ok"": ""PASS"", ""calibrated_probability_ok"": ""FAIL"", ""consensus_ok"": ""FAIL"", ""stability_ok"": ""PASS"", ""drift_ok"": ""PASS"", ""live_hit_ok"": ""WARMUP"", ""regime_hit_ok"": ""FAIL""}, ""votes"": {""4"": 1, ""2"": 3, ""9"": 1}, ""stability"": {""50"": [1, 2, 3, 4, 6, 7, 8], ""100"": [0, 1, 3, 4, 5, 6, 7], ""160"": [0, 1, 3, 6, 7, 8, 9]}}",2,0,2026-09-25T23:13:53+07:00
202609252788,2026-09-25T23:13:53+07:00,"[3, 6, 0, 7, 4, 1, 8]","[9, 5, 2]",0.760980527799471,0.6902451319498677,0.7074279939363315,-0.024289202765151403,0.5,1,0.8571428571428571,BALANCED,61,0.6557377049180327,61,0.6557377049180327,0.0982099394232463,OK,0.2592976593565559,57.02616993402955,0,"{""failed"": [""calibrated_probability_ok"", ""consensus_ok"", ""regime_hit_ok""], ""checks"": {""data_health_ok"": true, ""calibrated_probability_ok"": false, ""consensus_ok"": false, ""stability_ok"": true, ""drift_ok"": true, ""live_hit_ok"": true, ""regime_hit_ok"": false}, ""statuses"": {""data_health_ok"": ""PASS"", ""calibrated_probability_ok"": ""FAIL"", ""consensus_ok"": ""FAIL"", ""stability_ok"": ""PASS"", ""drift_ok"": ""PASS"", ""live_hit_ok"": ""WARMUP"", ""regime_hit_ok"": ""FAIL""}, ""votes"": {""9"": 1, ""5"": 1, ""2"": 4}, ""stability"": {""50"": [1, 2, 3, 4, 6, 7, 8], ""100"": [1, 2, 3, 4, 6, 7, 8], ""161"": [0, 1, 3, 6, 7, 8, 9]}}",1,1,2026-09-25T23:14:23+07:00
202609252789,2026-09-25T23:14:23+07:00,"[6, 7, 3, 0, 2, 1, 9]","[8, 5, 4]",0.7357772236500113,0.6869933010735326,0.7074279939363315,-0.028885897982485025,0.25,0,0.7619047619047619,BALANCED,62,0.6612903225806451,62,0.6612903225806451,0.09277075536479829,OK,0.21230965329468654,54.06870205317741,0,"{""failed"": [""calibrated_probability_ok"", ""consensus_ok"", ""regime_hit_ok""], ""checks"": {""data_health_ok"": true, ""calibrated_probability_ok"": false, ""consensus_ok"": false, ""stability_ok"": true, ""drift_ok"": true, ""live_hit_ok"": true, ""regime_hit_ok"": false}, ""statuses"": {""data_health_ok"": ""PASS"", ""calibrated_probability_ok"": ""FAIL"", ""consensus_ok"": ""FAIL"", ""stability_ok"": ""PASS"", ""drift_ok"": ""PASS"", ""live_hit_ok"": ""WARMUP"", ""regime_hit_ok"": ""FAIL""}, ""votes"": {""8"": 1, ""5"": 2, ""4"": 0}, ""stability"": {""50"": [1, 2, 3, 4, 6, 7, 8], ""100"": [1, 2, 3, 4, 6, 7, 8], ""162"": [0, 1, 3, 6, 7, 8, 9]}}",0,1,2026-09-25T23:14:53+07:00
202609252790,2026-09-25T23:14:53+07:00,"[6, 1, 8, 0, 7, 3, 2]","[4, 9, 5]",0.7382028990906525,0.6722604932702994,0.7074279939363315,-0.04971177415576974,0.25,0,0.8095238095238094,BALANCED,63,0.6666666666666666,63,0.6666666666666666,0.08710419136932543,OK,0.17559172015465505,55.89858712703935,0,"{""failed"": [""calibrated_probability_ok"", ""consensus_ok"", ""regime_hit_ok""], ""checks"": {""data_health_ok"": true, ""calibrated_probability_ok"": false, ""consensus_ok"": false, ""stability_ok"": true, ""drift_ok"": true, ""live_hit_ok"": true, ""regime_hit_ok"": false}, ""statuses"": {""data_health_ok"": ""PASS"", ""calibrated_probability_ok"": ""FAIL"", ""consensus_ok"": ""FAIL"", ""stability_ok"": ""PASS"", ""drift_ok"": ""PASS"", ""live_hit_ok"": ""WARMUP"", ""regime_hit_ok"": ""FAIL""}, ""votes"": {""4"": 1, ""9"": 1, ""5"": 1}, ""stability"": {""50"": [0, 1, 2, 4, 6, 7, 8], ""100"": [0, 1, 3, 4, 5, 6, 7], ""163"": [0, 1, 3, 6, 7, 8, 9]}}",0,1,2026-09-25T23:15:23+07:00
202609252791,2026-09-25T23:15:23+07:00,"[6, 0, 7, 9, 1, 3, 2]","[4, 5, 8]",0.7399960906751675,0.6849990226687919,0.7074279939363315,-0.03170495295604349,0.25,0,0.8095238095238094,BALANCED,64,0.671875,64,0.671875,0.08165260867747116,OK,0.13892692537649923,57.10590191824855,0,"{""failed"": [""calibrated_probability_ok"", ""consensus_ok"", ""regime_hit_ok""], ""checks"": {""data_health_ok"": true, ""calibrated_probability_ok"": false, ""consensus_ok"": false, ""stability_ok"": true, ""drift_ok"": true, ""live_hit_ok"": true, ""regime_hit_ok"": false}, ""statuses"": {""data_health_ok"": ""PASS"", ""calibrated_probability_ok"": ""FAIL"", ""consensus_ok"": ""FAIL"", ""stability_ok"": ""PASS"", ""drift_ok"": ""PASS"", ""live_hit_ok"": ""WARMUP"", ""regime_hit_ok"": ""FAIL""}, ""votes"": {""4"": 1, ""5"": 1, ""8"": 1}, ""stability"": {""50"": [0, 1, 2, 3, 4, 6, 7], ""100"": [0, 1, 3, 4, 5, 6, 7], ""164"": [0, 1, 3, 6, 7, 8, 9]}}",2,1,2026-09-25T23:15:53+07:00
202609252792,2026-09-25T23:15:53+07:00,"[3, 6, 1, 0, 7, 4, 2]","[9, 5, 8]",0.7697306543387732,0.7138140706496592,0.7074279939363315,0.00902717558262532,0.4166666666666667,1,0.9047619047619048,BALANCED,65,0.676923076923077,65,0.676923076923077,0.07639635455435885,OK,0.17742874847164875,61.078591540853324,0,"{""failed"": [""calibrated_probability_ok"", ""consensus_ok"", ""regime_hit_ok""], ""checks"": {""data_health_ok"": true, ""calibrated_probability_ok"": false, ""consensus_ok"": false, ""stability_ok"": true, ""drift_ok"": true, ""live_hit_ok"": true, ""regime_hit_ok"": false}, ""statuses"": {""data_health_ok"": ""PASS"", ""calibrated_probability_ok"": ""FAIL"", ""consensus_ok"": ""FAIL"", ""stability_ok"": ""PASS"", ""drift_ok"": ""PASS"", ""live_hit_ok"": ""WARMUP"", ""regime_hit_ok"": ""FAIL""}, ""votes"": {""9"": 1, ""5"": 3, ""8"": 1}, ""stability"": {""50"": [0, 1, 2, 3, 4, 6, 7], ""100"": [0, 1, 2, 3, 4, 6, 7], ""165"": [0, 1, 3, 6, 7, 8, 9]}}",2,1,2026-09-25T23:16:23+07:00
202609252793,2026-09-25T23:16:23+07:00,"[6, 3, 0, 1, 2, 4, 7]","[9, 5, 8]",0.7626868565560082,0.7054016325133352,0.7074279939363315,-0.0028644066115068867,0.4166666666666667,0,0.9047619047619048,BALANCED,66,0.6818181818181818,66,0.6818181818181818,0.07174990455109238,OK,0.17151847368622755,61.20716227415307,0,"{""failed"": [""calibrated_probability_ok"", ""consensus_ok"", ""regime_hit_ok""], ""checks"": {""data_health_ok"": true, ""calibrated_probability_ok"": false, ""consensus_ok"": false, ""stability_ok"": true, ""drift_ok"": true, ""live_hit_ok"": true, ""regime_hit_ok"": false}, ""statuses"": {""data_health_ok"": ""PASS"", ""calibrated_probability_ok"": ""FAIL"", ""consensus_ok"": ""FAIL"", ""stability_ok"": ""PASS"", ""drift_ok"": ""PASS"", ""live_hit_ok"": ""WARMUP"", ""regime_hit_ok"": ""FAIL""}, ""votes"": {""9"": 2, ""5"": 2, ""8"": 1}, ""stability"": {""50"": [0, 1, 2, 3, 4, 6, 7], ""100"": [1, 2, 3, 4, 5, 6, 7], ""166"": [0, 1, 2, 3, 6, 7, 8]}}",3,1,2026-09-25T23:16:53+07:00
202609252794,2026-09-25T23:16:54+07:00,"[1, 7, 3, 4, 6, 2, 0]","[8, 5, 9]",0.7570992823698711,0.7027814442229589,0.7074279939363315,-0.006568229916260319,0.4166666666666667,0,0.9047619047619048,BALANCED,67,0.6865671641791045,67,0.6865671641791045,0.0671370232377329,OK,0.19859676734732493,61.43030789135806,0,"{""failed"": [""calibrated_probability_ok"", ""consensus_ok"", ""regime_hit_ok""], ""checks"": {""data_health_ok"": true, ""calibrated_probability_ok"": false, ""consensus_ok"": false, ""stability_ok"": true, ""drift_ok"": true, ""live_hit_ok"": true, ""regime_hit_ok"": false}, ""statuses"": {""data_health_ok"": ""PASS"", ""calibrated_probability_ok"": ""FAIL"", ""consensus_ok"": ""FAIL"", ""stability_ok"": ""PASS"", ""drift_ok"": ""PASS"", ""live_hit_ok"": ""WARMUP"", ""regime_hit_ok"": ""FAIL""}, ""votes"": {""8"": 2, ""5"": 1, ""9"": 2}, ""stability"": {""50"": [0, 1, 2, 3, 4, 6, 7], ""100"": [1, 2, 3, 4, 5, 6, 7], ""167"": [0, 1, 2, 3, 6, 7, 8]}}",4,1,2026-09-25T23:17:23+07:00
202609252795,2026-09-25T23:17:23+07:00,"[6, 3, 7, 8, 4, 1, 2]","[9, 5, 0]",0.7643362493100829,0.7022496986289357,0.7074279939363315,-0.007319890295240177,0.5,0,0.8571428571428571,BALANCED,68,0.6911764705882353,68,0.6911764705882353,0.06257764469555849,OK,0.2348517203257987,61.963363374234824,0,"{""failed"": [""calibrated_probability_ok"", ""consensus_ok"", ""regime_hit_ok""], ""checks"": {""data_health_ok"": true, ""calibrated_probability_ok"": false, ""consensus_ok"": false, ""stability_ok"": true, ""drift_ok"": true, ""live_hit_ok"": true, ""regime_hit_ok"": false}, ""statuses"": {""data_health_ok"": ""PASS"", ""calibrated_probability_ok"": ""FAIL"", ""consensus_ok"": ""FAIL"", ""stability_ok"": ""PASS"", ""drift_ok"": ""PASS"", ""live_hit_ok"": ""WARMUP"", ""regime_hit_ok"": ""FAIL""}, ""votes"": {""9"": 2, ""5"": 2, ""0"": 2}, ""stability"": {""50"": [0, 1, 2, 3, 4, 6, 7], ""100"": [1, 2, 3, 4, 5, 6, 7], ""168"": [0, 1, 2, 3, 4, 6, 7]}}",2,1,2026-09-25T23:17:53+07:00
202609252796,2026-09-25T23:17:53+07:00,"[6, 3, 0, 2, 4, 1, 7]","[9, 5, 8]",0.7703226172326383,0.7254193645953702,0.7074279939363315,0.02543208752445533,0.4166666666666667,0,0.9523809523809524,BALANCED,69,0.6956521739130435,69,0.6956521739130435,0.05825530563200084,OK,0.24908505554181207,64.0540172651096,0,"{""failed"": [""consensus_ok"", ""regime_hit_ok""], ""checks"": {""data_health_ok"": true, ""calibrated_probability_ok"": true, ""consensus_ok"": false, ""stability_ok"": true, ""drift_ok"": true, ""live_hit_ok"": true, ""regime_hit_ok"": false}, ""statuses"": {""data_health_ok"": ""PASS"", ""calibrated_probability_ok"": ""PASS"", ""consensus_ok"": ""FAIL"", ""stability_ok"": ""PASS"", ""drift_ok"": ""PASS"", ""live_hit_ok"": ""WARMUP"", ""regime_hit_ok"": ""FAIL""}, ""votes"": {""9"": 2, ""5"": 2, ""8"": 1}, ""stability"": {""50"": [0, 1, 2, 3, 4, 6, 7], ""100"": [1, 2, 3, 4, 5, 6, 7], ""169"": [0, 1, 2, 3, 4, 6, 7]}}",2,1,2026-09-25T23:18:23+07:00
202609252797,2026-09-25T23:18:23+07:00,"[3, 6, 2, 0, 4, 1, 7]","[9, 5, 8]",0.7729630606457776,0.7286008501793826,0.7074279939363315,0.029929344646427176,0.4166666666666667,0,0.9523809523809524,BALANCED,70,0.7,70,0.7,0.05414198151200994,OK,0.31890995538881817,63.90033063861315,0,"{""failed"": [""consensus_ok"", ""regime_hit_ok""], ""checks"": {""data_health_ok"": true, ""calibrated_probability_ok"": true, ""consensus_ok"": false, ""stability_ok"": true, ""drift_ok"": true, ""live_hit_ok"": true, ""regime_hit_ok"": false}, ""statuses"": {""data_health_ok"": ""PASS"", ""calibrated_probability_ok"": ""PASS"", ""consensus_ok"": ""FAIL"", ""stability_ok"": ""PASS"", ""drift_ok"": ""PASS"", ""live_hit_ok"": ""WARMUP"", ""regime_hit_ok"": ""FAIL""}, ""votes"": {""9"": 2, ""5"": 2, ""8"": 1}, ""stability"": {""50"": [0, 1, 2, 3, 4, 6, 7], ""100"": [1, 2, 3, 4, 5, 6, 7], ""170"": [0, 1, 2, 3, 4, 6, 7]}}",4,1,2026-09-25T23:18:53+07:00
202609252798,2026-09-25T23:18:53+07:00,"[6, 3, 4, 7, 2, 1, 0]","[9, 5, 8]",0.7638603742772462,0.7125256684365688,0.7074279939363315,0.00720592702569256,0.4166666666666667,0,0.9523809523809524,BALANCED,71,0.704225352112676,71,0.704225352112676,0.05018171502093628,OK,0.39656405097528913,61.9305716074654,0,"{""failed"": [""calibrated_probability_ok"", ""consensus_ok"", ""regime_hit_ok""], ""checks"": {""data_health_ok"": true, ""calibrated_probability_ok"": false, ""consensus_ok"": false, ""stability_ok"": true, ""drift_ok"": true, ""live_hit_ok"": true, ""regime_hit_ok"": false}, ""statuses"": {""data_health_ok"": ""PASS"", ""calibrated_probability_ok"": ""FAIL"", ""consensus_ok"": ""FAIL"", ""stability_ok"": ""PASS"", ""drift_ok"": ""PASS"", ""live_hit_ok"": ""WARMUP"", ""regime_hit_ok"": ""FAIL""}, ""votes"": {""9"": 2, ""5"": 2, ""8"": 1}, ""stability"": {""50"": [0, 1, 2, 3, 4, 6, 7], ""100"": [1, 2, 3, 4, 6, 7, 8], ""171"": [0, 1, 2, 3, 4, 6, 7]}}",8,0,2026-09-25T23:19:23+07:00
202609252799,2026-09-25T23:19:23+07:00,"[6, 4, 7, 2, 3, 8, 5]","[9, 0, 1]",0.755893089059289,0.7078028454476716,0.7074279939363315,0.0005298793863871712,0.6666666666666666,2,0.7619047619047619,BALANCED,72,0.6944444444444444,72,0.6944444444444444,0.06009391862171846,OK,0.40987793046546983,60.79858684884504,0,"{""failed"": [""calibrated_probability_ok"", ""regime_hit_ok""], ""checks"": {""data_health_ok"": true, ""calibrated_probability_ok"": false, ""consensus_ok"": true, ""stability_ok"": true, ""drift_ok"": true, ""live_hit_ok"": true, ""regime_hit_ok"": false}, ""statuses"": {""data_health_ok"": ""PASS"", ""calibrated_probability_ok"": ""FAIL"", ""consensus_ok"": ""PASS"", ""stability_ok"": ""PASS"", ""drift_ok"": ""PASS"", ""live_hit_ok"": ""WARMUP"", ""regime_hit_ok"": ""FAIL""}, ""votes"": {""9"": 2, ""0"": 3, ""1"": 3}, ""stability"": {""50"": [0, 1, 2, 3, 4, 6, 7], ""100"": [1, 2, 3, 4, 6, 7, 8], ""172"": [0, 1, 2, 3, 4, 6, 7]}}",5,1,2026-09-25T23:19:53+07:00
202609252800,2026-09-25T23:19:53+07:00,"[5, 8, 6, 4, 7, 3, 2]","[9, 0, 1]",0.7568886123135597,0.7111588413577548,0.7074279939363315,0.005273819319283264,0.5833333333333334,2,0.8095238095238096,BALANCED,73,0.6986301369863014,73,0.6986301369863014,0.05592678397017819,OK,0.39037914945492735,61.45593044663779,0,"{""failed"": [""calibrated_probability_ok"", ""regime_hit_ok""], ""checks"": {""data_health_ok"": true, ""calibrated_probability_ok"": false, ""consensus_ok"": true, ""stability_ok"": true, ""drift_ok"": true, ""live_hit_ok"": true, ""regime_hit_ok"": false}, ""statuses"": {""data_health_ok"": ""PASS"", ""calibrated_probability_ok"": ""FAIL"", ""consensus_ok"": ""PASS"", ""stability_ok"": ""PASS"", ""drift_ok"": ""PASS"", ""live_hit_ok"": ""WARMUP"", ""regime_hit_ok"": ""FAIL""}, ""votes"": {""9"": 1, ""0"": 3, ""1"": 3}, ""stability"": {""50"": [0, 1, 2, 3, 4, 6, 7], ""100"": [2, 3, 4, 5, 6, 7, 8], ""173"": [0, 1, 2, 3, 4, 6, 7]}}",7,1,2026-09-25T23:20:23+07:00
202609252801,2026-09-25T23:20:23+07:00,"[3, 7, 1, 6, 4, 0, 9]","[5, 2, 8]",0.7373246606154192,0.6968311651538548,0.7074279939363315,-0.014979374400372463,0.4166666666666667,1,0.8095238095238094,BALANCED,74,0.7027027027027027,74,0.7027027027027027,0.051885727596440126,OK,0.3921422073686053,59.54376568186649,0,"{""failed"": [""calibrated_probability_ok"", ""consensus_ok"", ""regime_hit_ok""], ""checks"": {""data_health_ok"": true, ""calibrated_probability_ok"": false, ""consensus_ok"": false, ""stability_ok"": true, ""drift_ok"": true, ""live_hit_ok"": true, ""regime_hit_ok"": false}, ""statuses"": {""data_health_ok"": ""PASS"", ""calibrated_probability_ok"": ""FAIL"", ""consensus_ok"": ""FAIL"", ""stability_ok"": ""PASS"", ""drift_ok"": ""PASS"", ""live_hit_ok"": ""WARMUP"", ""regime_hit_ok"": ""FAIL""}, ""votes"": {""5"": 1, ""2"": 3, ""8"": 1}, ""stability"": {""50"": [0, 1, 2, 3, 4, 6, 7], ""100"": [1, 2, 3, 4, 5, 6, 7], ""174"": [0, 1, 2, 3, 4, 6, 7]}}",8,0,2026-09-25T23:20:53+07:00
202609252802,2026-09-25T23:20:53+07:00,"[6, 7, 2, 5, 3, 8, 4]","[9, 0, 1]",0.763075266600088,0.7202337536087148,0.7074279939363315,0.018101855994033196,0.6666666666666666,2,0.8095238095238096,BALANCED,75,0.6933333333333334,75,0.6933333333333334,0.06102491337002645,OK,0.3491749617230682,63.20204515272607,0,"{""failed"": [""regime_hit_ok""], ""checks"": {""data_health_ok"": true, ""calibrated_probability_ok"": true, ""consensus_ok"": true, ""stability_ok"": true, ""drift_ok"": true, ""live_hit_ok"": true, ""regime_hit_ok"": false}, ""statuses"": {""data_health_ok"": ""PASS"", ""calibrated_probability_ok"": ""PASS"", ""consensus_ok"": ""PASS"", ""stability_ok"": ""PASS"", ""drift_ok"": ""PASS"", ""live_hit_ok"": ""WARMUP"", ""regime_hit_ok"": ""FAIL""}, ""votes"": {""9"": 2, ""0"": 3, ""1"": 3}, ""stability"": {""50"": [0, 1, 2, 3, 4, 6, 7], ""100"": [2, 3, 4, 5, 6, 7, 8], ""175"": [0, 1, 2, 3, 4, 6, 7]}}",8,1,2026-09-25T23:21:23+07:00
202609252803,2026-09-25T23:21:23+07:00,"[6, 5, 7, 8, 2, 3, 4]","[9, 0, 1]",0.7646244144418425,0.7223875088633354,0.7074279939363315,0.02114634288610048,0.75,2,0.8095238095238096,BALANCED,76,0.6973684210526315,76,0.6973684210526315,0.057104523280948394,OK,0.33787483172862676,65.09873971231744,0,"{""failed"": [""regime_hit_ok""], ""checks"": {""data_health_ok"": true, ""calibrated_probability_ok"": true, ""consensus_ok"": true, ""stability_ok"": true, ""drift_ok"": true, ""live_hit_ok"": true, ""regime_hit_ok"": false}, ""statuses"": {""data_health_ok"": ""PASS"", ""calibrated_probability_ok"": ""PASS"", ""consensus_ok"": ""PASS"", ""stability_ok"": ""PASS"", ""drift_ok"": ""PASS"", ""live_hit_ok"": ""WARMUP"", ""regime_hit_ok"": ""FAIL""}, ""votes"": {""9"": 2, ""0"": 4, ""1"": 3}, ""stability"": {""50"": [0, 1, 2, 3, 4, 6, 7], ""100"": [2, 3, 4, 5, 6, 7, 8], ""176"": [0, 1, 2, 3, 6, 7, 8]}}",9,0,2026-09-25T23:21:53+07:00
202609252804,2026-09-25T23:21:53+07:00,"[3, 6, 8, 7, 2, 9, 1]","[5, 4, 0]",0.7373570040464994,0.6882362972954319,0.7074279939363315,-0.027128834037385956,0.5833333333333334,1,0.8095238095238094,BALANCED,77,0.6883116883116883,77,0.6883116883116883,0.06629309329602484,OK,0.33667016382605,60.537001444253214,0,"{""failed"": [""calibrated_probability_ok"", ""regime_hit_ok""], ""checks"": {""data_health_ok"": true, ""calibrated_probability_ok"": false, ""consensus_ok"": true, ""stability_ok"": true, ""drift_ok"": true, ""live_hit_ok"": true, ""regime_hit_ok"": false}, ""statuses"": {""data_health_ok"": ""PASS"", ""calibrated_probability_ok"": ""FAIL"", ""consensus_ok"": ""PASS"", ""stability_ok"": ""PASS"", ""drift_ok"": ""PASS"", ""live_hit_ok"": ""WARMUP"", ""regime_hit_ok"": ""FAIL""}, ""votes"": {""5"": 2, ""4"": 1, ""0"": 4}, ""stability"": {""50"": [1, 2, 3, 4, 6, 7, 8], ""100"": [2, 3, 4, 5, 6, 7, 8], ""177"": [0, 1, 2, 3, 6, 7, 8]}}",5,0,2026-09-25T23:22:23+07:00
202609252805,2026-09-25T23:22:23+07:00,"[8, 6, 5, 7, 4, 3, 2]","[9, 0, 1]",0.7498944506339986,0.6938560103334691,0.7074279939363315,-0.0191849682500462,0.6666666666666666,2,0.8571428571428572,BALANCED,78,0.6794871794871795,78,0.6794871794871795,0.0748964767671848,OK,0.3281300307895017,61.17572066614038,0,"{""failed"": [""calibrated_probability_ok"", ""regime_hit_ok""], ""checks"": {""data_health_ok"": true, ""calibrated_probability_ok"": false, ""consensus_ok"": true, ""stability_ok"": true, ""drift_ok"": true, ""live_hit_ok"": true, ""regime_hit_ok"": false}, ""statuses"": {""data_health_ok"": ""PASS"", ""calibrated_probability_ok"": ""FAIL"", ""consensus_ok"": ""PASS"", ""stability_ok"": ""PASS"", ""drift_ok"": ""PASS"", ""live_hit_ok"": ""WARMUP"", ""regime_hit_ok"": ""FAIL""}, ""votes"": {""9"": 1, ""0"": 4, ""1"": 3}, ""stability"": {""50"": [1, 2, 3, 4, 6, 7, 8], ""100"": [2, 3, 4, 5, 6, 7, 8], ""178"": [0, 1, 2, 3, 6, 7, 8]}}",3,1,2026-09-25T23:22:53+07:00
202609252806,2026-09-25T23:22:53+07:00,"[1, 7, 4, 3, 2, 6, 0]","[8, 9, 5]",0.7457696340136746,0.6898494090749845,0.7074279939363315,-0.02484858531471839,0.3333333333333333,0,0.8095238095238094,BALANCED,79,0.6835443037974683,79,0.6835443037974683,0.07078252706929636,OK,0.34908208436454713,56.65277969475836,0,"{""failed"": [""calibrated_probability_ok"", ""consensus_ok"", ""regime_hit_ok""], ""checks"": {""data_health_ok"": true, ""calibrated_probability_ok"": false, ""consensus_ok"": false, ""stability_ok"": true, ""drift_ok"": true, ""live_hit_ok"": true, ""regime_hit_ok"": false}, ""statuses"": {""data_health_ok"": ""PASS"", ""calibrated_probability_ok"": ""FAIL"", ""consensus_ok"": ""FAIL"", ""stability_ok"": ""PASS"", ""drift_ok"": ""PASS"", ""live_hit_ok"": ""WARMUP"", ""regime_hit_ok"": ""FAIL""}, ""votes"": {""8"": 1, ""9"": 2, ""5"": 1}, ""stability"": {""50"": [1, 2, 3, 4, 6, 7, 8], ""100"": [2, 3, 4, 5, 6, 7, 8], ""179"": [0, 1, 2, 3, 6, 7, 8]}}",0,1,2026-09-25T23:23:23+07:00
202609252807,2026-09-25T23:23:23+07:00,"[0, 1, 2, 6, 3, 8, 7]","[4, 9, 5]",0.7342925798784417,0.7024780213009177,0.7074279939363315,-0.006997139889631322,0.3333333333333333,0,0.8571428571428571,BALANCED,80,0.6875,80,0.6875,0.0667198659061011,OK,0.3779358490435931,57.3693573345725,0,"{""failed"": [""calibrated_probability_ok"", ""consensus_ok"", ""live_hit_ok"", ""regime_hit_ok""], ""checks"": {""data_health_ok"": true, ""calibrated_probability_ok"": false, ""consensus_ok"": false, ""stability_ok"": true, ""drift_ok"": true, ""live_hit_ok"": false, ""regime_hit_ok"": false}, ""statuses"": {""data_health_ok"": ""PASS"", ""calibrated_probability_ok"": ""FAIL"", ""consensus_ok"": ""FAIL"", ""stability_ok"": ""PASS"", ""drift_ok"": ""PASS"", ""live_hit_ok"": ""FAIL"", ""regime_hit_ok"": ""FAIL""}, ""votes"": {""4"": 1, ""9"": 1, ""5"": 2}, ""stability"": {""50"": [0, 1, 2, 3, 4, 6, 7], ""100"": [2, 3, 4, 5, 6, 7, 8], ""180"": [0, 1, 2, 3, 6, 7, 8]}}",1,1,2026-09-25T23:23:53+07:00
202609252808,2026-09-25T23:23:53+07:00,"[6, 9, 0, 2, 3, 7, 4]","[8, 5, 1]",0.7468741545505004,0.6963382130405051,0.7074279939363315,-0.015676197423457414,0.5833333333333334,1,0.7619047619047619,BALANCED,80,0.7,80,0.7,0.0626158253378584,OK,0.39853340480761706,59.7578082065657,0,"{""failed"": [""calibrated_probability_ok"", ""live_hit_ok"", ""regime_hit_ok""], ""checks"": {""data_health_ok"": true, ""calibrated_probability_ok"": false, ""consensus_ok"": true, ""stability_ok"": true, ""drift_ok"": true, ""live_hit_ok"": false, ""regime_hit_ok"": false}, ""statuses"": {""data_health_ok"": ""PASS"", ""calibrated_probability_ok"": ""FAIL"", ""consensus_ok"": ""PASS"", ""stability_ok"": ""PASS"", ""drift_ok"": ""PASS"", ""live_hit_ok"": ""FAIL"", ""regime_hit_ok"": ""FAIL""}, ""votes"": {""8"": 2, ""5"": 2, ""1"": 3}, ""stability"": {""50"": [0, 1, 2, 3, 4, 6, 7], ""100"": [1, 2, 3, 4, 5, 6, 7], ""181"": [0, 1, 2, 3, 6, 7, 8]}}",9,1,2026-09-25T23:24:23+07:00
202609252809,2026-09-25T23:24:24+07:00,"[3, 0, 6, 2, 8, 9, 7]","[4, 5, 1]",0.7383195843075376,0.6974043520683417,0.7074279939363315,-0.014169133754822713,0.4166666666666667,0,0.7142857142857143,BALANCED,80,0.7,80,0.7,0.05876531715752472,OK,0.34816510079834084,58.17989115801898,0,"{""failed"": [""calibrated_probability_ok"", ""consensus_ok"", ""stability_ok"", ""live_hit_ok"", ""regime_hit_ok""], ""checks"": {""data_health_ok"": true, ""calibrated_probability_ok"": false, ""consensus_ok"": false, ""stability_ok"": false, ""drift_ok"": true, ""live_hit_ok"": false, ""regime_hit_ok"": false}, ""statuses"": {""data_health_ok"": ""PASS"", ""calibrated_probability_ok"": ""FAIL"", ""consensus_ok"": ""FAIL"", ""stability_ok"": ""FAIL"", ""drift_ok"": ""PASS"", ""live_hit_ok"": ""FAIL"", ""regime_hit_ok"": ""FAIL""}, ""votes"": {""4"": 1, ""5"": 2, ""1"": 2}, ""stability"": {""50"": [0, 1, 2, 3, 4, 6, 9], ""100"": [1, 2, 3, 4, 5, 6, 7], ""182"": [0, 1, 2, 3, 6, 7, 8]}}",5,0,2026-09-25T23:24:53+07:00
202609252810,2026-09-25T23:24:53+07:00,"[8, 3, 6, 5, 7, 4, 2]","[9, 0, 1]",0.7497012238626587,0.6989711114296425,0.7074279939363315,-0.011954407486241056,0.5833333333333334,2,0.7142857142857143,BALANCED,80,0.6875,80,0.6875,0.06695271796656108,OK,0.3544377504803805,59.01075010593826,0,"{""failed"": [""calibrated_probability_ok"", ""stability_ok"", ""live_hit_ok"", ""regime_hit_ok""], ""checks"": {""data_health_ok"": true, ""calibrated_probability_ok"": false, ""consensus_ok"": true, ""stability_ok"": false, ""drift_ok"": true, ""live_hit_ok"": false, ""regime_hit_ok"": false}, ""statuses"": {""data_health_ok"": ""PASS"", ""calibrated_probability_ok"": ""FAIL"", ""consensus_ok"": ""PASS"", ""stability_ok"": ""FAIL"", ""drift_ok"": ""PASS"", ""live_hit_ok"": ""FAIL"", ""regime_hit_ok"": ""FAIL""}, ""votes"": {""9"": 1, ""0"": 3, ""1"": 3}, ""stability"": {""50"": [0, 1, 2, 3, 4, 6, 9], ""100"": [1, 2, 3, 4, 5, 6, 7], ""183"": [0, 1, 2, 3, 6, 7, 8]}}",9,0,2026-09-25T23:25:23+07:00
202609252811,2026-09-25T23:25:23+07:00,"[3, 6, 9, 2, 8, 5, 7]","[4, 0, 1]",0.7243245532115351,0.6912019375368235,0.7074279939363315,-0.022936689724733204,0.5,1,0.6666666666666666,BALANCED,80,0.6875,80,0.6875,0.07508067637008606,OK,0.3700321129620048,56.31059464253263,0,"{""failed"": [""calibrated_probability_ok"", ""consensus_ok"", ""stability_ok"", ""live_hit_ok"", ""regime_hit_ok""], ""checks"": {""data_health_ok"": true, ""calibrated_probability_ok"": false, ""consensus_ok"": false, ""stability_ok"": false, ""drift_ok"": true, ""live_hit_ok"": false, ""regime_hit_ok"": false}, ""statuses"": {""data_health_ok"": ""PASS"", ""calibrated_probability_ok"": ""FAIL"", ""consensus_ok"": ""FAIL"", ""stability_ok"": ""FAIL"", ""drift_ok"": ""PASS"", ""live_hit_ok"": ""FAIL"", ""regime_hit_ok"": ""FAIL""}, ""votes"": {""4"": 1, ""0"": 3, ""1"": 2}, ""stability"": {""50"": [0, 1, 2, 3, 4, 6, 9], ""100"": [1, 2, 3, 4, 5, 6, 7], ""184"": [0, 1, 3, 6, 7, 8, 9]}}",4,0,2026-09-25T23:25:53+07:00
202609252812,2026-09-25T23:25:53+07:00,"[6, 3, 2, 7, 4, 8, 1]","[5, 9, 0]",0.7418225008608013,0.6650146466385457,0.7074279939363315,-0.059954295930227275,0.5,0,0.7619047619047619,BALANCED,80,0.675,80,0.675,0.08271883962704427,OK,0.35915203931808004,56.54404096101908,0,"{""failed"": [""calibrated_probability_ok"", ""consensus_ok"", ""live_hit_ok"", ""regime_hit_ok""], ""checks"": {""data_health_ok"": true, ""calibrated_probability_ok"": false, ""consensus_ok"": false, ""stability_ok"": true, ""drift_ok"": true, ""live_hit_ok"": false, ""regime_hit_ok"": false}, ""statuses"": {""data_health_ok"": ""PASS"", ""calibrated_probability_ok"": ""FAIL"", ""consensus_ok"": ""FAIL"", ""stability_ok"": ""PASS"", ""drift_ok"": ""PASS"", ""live_hit_ok"": ""FAIL"", ""regime_hit_ok"": ""FAIL""}, ""votes"": {""5"": 2, ""9"": 2, ""0"": 2}, ""stability"": {""50"": [0, 1, 2, 3, 4, 6, 9], ""100"": [1, 2, 3, 4, 5, 6, 7], ""185"": [0, 1, 3, 6, 7, 8, 9]}}",9,0,2026-09-25T23:26:23+07:00
202609252813,2026-09-25T23:26:23+07:00,"[3, 6, 9, 8, 2, 5, 4]","[0, 1, 7]",0.7179715870596615,0.5933175483664787,0.7074279939363315,-0.1613032655590991,0.5833333333333334,2,0.6666666666666666,BALANCED,80,0.6625,80,0.6625,0.09038283568790187,OK,0.3021239235398909,56.07645567778952,0,"{""failed"": [""calibrated_probability_ok"", ""stability_ok"", ""live_hit_ok"", ""regime_hit_ok""], ""checks"": {""data_health_ok"": true, ""calibrated_probability_ok"": false, ""consensus_ok"": true, ""stability_ok"": false, ""drift_ok"": true, ""live_hit_ok"": false, ""regime_hit_ok"": false}, ""statuses"": {""data_health_ok"": ""PASS"", ""calibrated_probability_ok"": ""FAIL"", ""consensus_ok"": ""PASS"", ""stability_ok"": ""FAIL"", ""drift_ok"": ""PASS"", ""live_hit_ok"": ""FAIL"", ""regime_hit_ok"": ""FAIL""}, ""votes"": {""0"": 4, ""1"": 3, ""7"": 0}, ""stability"": {""50"": [0, 1, 2, 3, 4, 6, 9], ""100"": [1, 2, 3, 4, 6, 7, 9], ""186"": [0, 1, 3, 6, 7, 8, 9]}}",9,1,2026-09-25T23:26:53+07:00
202609252814,2026-09-25T23:26:53+07:00,"[3, 9, 6, 2, 8, 5, 7]","[0, 1, 4]",0.7293719145986554,0.6810537233120798,0.7074279939363315,-0.0372819154038529,0.5833333333333334,2,0.6666666666666666,BALANCED,80,0.675,80,0.675,0.08610224662320948,OK,0.25375717545720833,57.50661076206557,0,"{""failed"": [""calibrated_probability_ok"", ""stability_ok"", ""live_hit_ok"", ""regime_hit_ok""], ""checks"": {""data_health_ok"": true, ""calibrated_probability_ok"": false, ""consensus_ok"": true, ""stability_ok"": false, ""drift_ok"": true, ""live_hit_ok"": false, ""regime_hit_ok"": false}, ""statuses"": {""data_health_ok"": ""PASS"", ""calibrated_probability_ok"": ""FAIL"", ""consensus_ok"": ""PASS"", ""stability_ok"": ""FAIL"", ""drift_ok"": ""PASS"", ""live_hit_ok"": ""FAIL"", ""regime_hit_ok"": ""FAIL""}, ""votes"": {""0"": 4, ""1"": 3, ""4"": 0}, ""stability"": {""50"": [0, 1, 2, 3, 4, 6, 9], ""100"": [1, 2, 3, 4, 6, 7, 9], ""187"": [0, 1, 3, 6, 7, 8, 9]}}",2,1,2026-09-25T23:27:23+07:00
202609252815,2026-09-25T23:27:23+07:00,"[3, 6, 2, 4, 0, 1, 9]","[5, 8, 7]",0.756380778488257,0.6869296720930014,0.7074279939363315,-0.028975842091393162,0.3333333333333333,0,0.9047619047619048,BALANCED,80,0.675,80,0.675,0.08204849285020316,OK,0.3154977690212618,56.92255901233234,0,"{""failed"": [""calibrated_probability_ok"", ""consensus_ok"", ""live_hit_ok"", ""regime_hit_ok""], ""checks"": {""data_health_ok"": true, ""calibrated_probability_ok"": false, ""consensus_ok"": false, ""stability_ok"": true, ""drift_ok"": true, ""live_hit_ok"": false, ""regime_hit_ok"": false}, ""statuses"": {""data_health_ok"": ""PASS"", ""calibrated_probability_ok"": ""FAIL"", ""consensus_ok"": ""FAIL"", ""stability_ok"": ""PASS"", ""drift_ok"": ""PASS"", ""live_hit_ok"": ""FAIL"", ""regime_hit_ok"": ""FAIL""}, ""votes"": {""5"": 2, ""8"": 1, ""7"": 1}, ""stability"": {""50"": [0, 1, 2, 3, 4, 6, 9], ""100"": [1, 2, 3, 4, 6, 7, 9], ""188"": [0, 1, 2, 3, 6, 7, 9]}}",6,1,2026-09-25T23:27:53+07:00
202609252816,2026-09-25T23:27:53+07:00,"[3, 7, 2, 6, 9, 1, 4]","[5, 8, 0]",0.7590396190347011,0.6903848337801323,0.7074279939363315,-0.024091724249370245,0.6666666666666666,2,0.9047619047619048,BALANCED,80,0.6875,80,0.6875,0.07838930504838354,OK,0.25806311366148477,62.58059462168546,0,"{""failed"": [""calibrated_probability_ok"", ""live_hit_ok"", ""regime_hit_ok""], ""checks"": {""data_health_ok"": true, ""calibrated_probability_ok"": false, ""consensus_ok"": true, ""stability_ok"": true, ""drift_ok"": true, ""live_hit_ok"": false, ""regime_hit_ok"": false}, ""statuses"": {""data_health_ok"": ""PASS"", ""calibrated_probability_ok"": ""FAIL"", ""consensus_ok"": ""PASS"", ""stability_ok"": ""PASS"", ""drift_ok"": ""PASS"", ""live_hit_ok"": ""FAIL"", ""regime_hit_ok"": ""FAIL""}, ""votes"": {""5"": 3, ""8"": 2, ""0"": 3}, ""stability"": {""50"": [0, 1, 2, 3, 4, 6, 9], ""100"": [1, 2, 3, 4, 6, 7, 9], ""189"": [0, 1, 2, 3, 6, 7, 9]}}",0,0,2026-09-25T23:28:23+07:00
202609252817,2026-09-25T23:28:23+07:00,"[0, 2, 6, 5, 1, 9, 3]","[4, 7, 8]",0.7422180308612013,0.665184386830705,0.7074279939363315,-0.059714356044310586,0.25,0,0.8095238095238094,BALANCED,80,0.675,80,0.675,0.08595208631489823,OK,0.22675425501307572,55.516340641619664,0,"{""failed"": [""calibrated_probability_ok"", ""consensus_ok"", ""live_hit_ok"", ""regime_hit_ok""], ""checks"": {""data_health_ok"": true, ""calibrated_probability_ok"": false, ""consensus_ok"": false, ""stability_ok"": true, ""drift_ok"": true, ""live_hit_ok"": false, ""regime_hit_ok"": false}, ""statuses"": {""data_health_ok"": ""PASS"", ""calibrated_probability_ok"": ""FAIL"", ""consensus_ok"": ""FAIL"", ""stability_ok"": ""PASS"", ""drift_ok"": ""PASS"", ""live_hit_ok"": ""FAIL"", ""regime_hit_ok"": ""FAIL""}, ""votes"": {""4"": 1, ""7"": 1, ""8"": 1}, ""stability"": {""50"": [0, 1, 2, 3, 4, 6, 9], ""100"": [2, 3, 4, 5, 6, 7, 9], ""190"": [0, 1, 2, 3, 6, 7, 9]}}",3,1,2026-09-25T23:28:53+07:00
202609252818,2026-09-25T23:28:53+07:00,"[1, 0, 7, 4, 3, 2, 6]","[8, 5, 9]",0.7433544062012272,0.6654008392764242,0.7074279939363315,-0.059408385051397464,0.3333333333333333,0,0.8095238095238094,BALANCED,80,0.675,80,0.675,0.08217478900222028,OK,0.25692524394163563,56.53243426546028,0,"{""failed"": [""calibrated_probability_ok"", ""consensus_ok"", ""live_hit_ok"", ""regime_hit_ok""], ""checks"": {""data_health_ok"": true, ""calibrated_probability_ok"": false, ""consensus_ok"": false, ""stability_ok"": true, ""drift_ok"": true, ""live_hit_ok"": false, ""regime_hit_ok"": false}, ""statuses"": {""data_health_ok"": ""PASS"", ""calibrated_probability_ok"": ""FAIL"", ""consensus_ok"": ""FAIL"", ""stability_ok"": ""PASS"", ""drift_ok"": ""PASS"", ""live_hit_ok"": ""FAIL"", ""regime_hit_ok"": ""FAIL""}, ""votes"": {""8"": 2, ""5"": 1, ""9"": 1}, ""stability"": {""50"": [0, 1, 2, 3, 4, 6, 9], ""100"": [2, 3, 4, 5, 6, 7, 9], ""191"": [0, 1, 2, 3, 6, 7, 9]}}",1,1,2026-09-25T23:29:23+07:00
202609252819,2026-09-25T23:29:23+07:00,"[6, 0, 9, 7, 4, 2, 5]","[8, 1, 3]",0.7465044956754062,0.678257705628515,0.7074279939363315,-0.04123428611512064,0.5,1,0.7142857142857143,BALANCED,80,0.675,80,0.675,0.07849195875438339,OK,0.2457654020887191,57.96391736264651,0,"{""failed"": [""calibrated_probability_ok"", ""consensus_ok"", ""stability_ok"", ""live_hit_ok"", ""regime_hit_ok""], ""checks"": {""data_health_ok"": true, ""calibrated_probability_ok"": false, ""consensus_ok"": false, ""stability_ok"": false, ""drift_ok"": true, ""live_hit_ok"": false, ""regime_hit_ok"": false}, ""statuses"": {""data_health_ok"": ""PASS"", ""calibrated_probability_ok"": ""FAIL"", ""consensus_ok"": ""FAIL"", ""stability_ok"": ""FAIL"", ""drift_ok"": ""PASS"", ""live_hit_ok"": ""FAIL"", ""regime_hit_ok"": ""FAIL""}, ""votes"": {""8"": 2, ""1"": 3, ""3"": 1}, ""stability"": {""50"": [0, 1, 2, 3, 4, 6, 9], ""100"": [1, 2, 3, 4, 6, 7, 9], ""192"": [0, 1, 2, 3, 6, 7, 9]}}",9,1,2026-09-25T23:29:53+07:00
202609252820,2026-09-25T23:29:54+07:00,"[3, 9, 5, 6, 0, 2, 8]","[4, 7, 1]",0.7328769445617945,0.7118214677930357,0.7074279939363315,0.006210489116012471,0.4166666666666667,1,0.6666666666666666,BALANCED,80,0.6875,80,0.6875,0.07492220108686748,OK,0.23907092558893378,57.489538998971724,0,"{""failed"": [""calibrated_probability_ok"", ""consensus_ok"", ""stability_ok"", ""live_hit_ok"", ""regime_hit_ok""], ""checks"": {""data_health_ok"": true, ""calibrated_probability_ok"": false, ""consensus_ok"": false, ""stability_ok"": false, ""drift_ok"": true, ""live_hit_ok"": false, ""regime_hit_ok"": false}, ""statuses"": {""data_health_ok"": ""PASS"", ""calibrated_probability_ok"": ""FAIL"", ""consensus_ok"": ""FAIL"", ""stability_ok"": ""FAIL"", ""drift_ok"": ""PASS"", ""live_hit_ok"": ""FAIL"", ""regime_hit_ok"": ""FAIL""}, ""votes"": {""4"": 1, ""7"": 1, ""1"": 3}, ""stability"": {""50"": [0, 1, 2, 3, 4, 6, 9], ""100"": [1, 2, 3, 4, 6, 7, 9], ""193"": [0, 1, 2, 3, 6, 7, 9]}}",2,1,2026-09-25T23:30:23+07:00
202609252821,2026-09-25T23:30:23+07:00,"[6, 3, 2, 0, 4, 1, 9]","[5, 8, 7]",0.7634755554457263,0.7085246187148483,0.7074279939363315,0.001550157454774746,0.3333333333333333,0,0.9047619047619048,BALANCED,80,0.6875,80,0.6875,0.07128342176213269,OK,0.2319388065410401,59.61310830216311,0,"{""failed"": [""calibrated_probability_ok"", ""consensus_ok"", ""live_hit_ok"", ""regime_hit_ok""], ""checks"": {""data_health_ok"": true, ""calibrated_probability_ok"": false, ""consensus_ok"": false, ""stability_ok"": true, ""drift_ok"": true, ""live_hit_ok"": false, ""regime_hit_ok"": false}, ""statuses"": {""data_health_ok"": ""PASS"", ""calibrated_probability_ok"": ""FAIL"", ""consensus_ok"": ""FAIL"", ""stability_ok"": ""PASS"", ""drift_ok"": ""PASS"", ""live_hit_ok"": ""FAIL"", ""regime_hit_ok"": ""FAIL""}, ""votes"": {""5"": 2, ""8"": 1, ""7"": 1}, ""stability"": {""50"": [0, 1, 2, 3, 4, 6, 9], ""100"": [1, 2, 3, 4, 6, 7, 9], ""194"": [0, 1, 2, 3, 6, 7, 9]}}",5,0,2026-09-25T23:30:53+07:00
202609252822,2026-09-25T23:30:53+07:00,"[8, 5, 6, 7, 9, 3, 4]","[0, 1, 2]",0.7334211303956608,0.7103383643799193,0.7074279939363315,0.004114016505614414,0.75,3,0.619047619047619,BALANCED,80,0.675,80,0.675,0.07856965474827579,OK,0.25081367892203826,60.075399599202704,0,"{""failed"": [""calibrated_probability_ok"", ""stability_ok"", ""live_hit_ok"", ""regime_hit_ok""], ""checks"": {""data_health_ok"": true, ""calibrated_probability_ok"": false, ""consensus_ok"": true, ""stability_ok"": false, ""drift_ok"": true, ""live_hit_ok"": false, ""regime_hit_ok"": false}, ""statuses"": {""data_health_ok"": ""PASS"", ""calibrated_probability_ok"": ""FAIL"", ""consensus_ok"": ""PASS"", ""stability_ok"": ""FAIL"", ""drift_ok"": ""PASS"", ""live_hit_ok"": ""FAIL"", ""regime_hit_ok"": ""FAIL""}, ""votes"": {""0"": 3, ""1"": 3, ""2"": 3}, ""stability"": {""50"": [0, 1, 2, 3, 4, 6, 9], ""100"": [1, 2, 3, 5, 6, 7, 9], ""195"": [0, 1, 2, 3, 6, 7, 9]}}",4,1,2026-09-25T23:31:23+07:00
202609252823,2026-09-25T23:31:24+07:00,"[3, 6, 2, 7, 8, 9, 1]","[5, 0, 4]",0.7324678572920561,0.720616964323014,0.7074279939363315,0.01864355171088913,0.5,1,0.7619047619047619,BALANCED,80,0.675,80,0.675,0.0749743576196027,OK,0.2740789343286506,59.68867165964693,0,"{""failed"": [""consensus_ok"", ""live_hit_ok"", ""regime_hit_ok""], ""checks"": {""data_health_ok"": true, ""calibrated_probability_ok"": true, ""consensus_ok"": false, ""stability_ok"": true, ""drift_ok"": true, ""live_hit_ok"": false, ""regime_hit_ok"": false}, ""statuses"": {""data_health_ok"": ""PASS"", ""calibrated_probability_ok"": ""PASS"", ""consensus_ok"": ""FAIL"", ""stability_ok"": ""PASS"", ""drift_ok"": ""PASS"", ""live_hit_ok"": ""FAIL"", ""regime_hit_ok"": ""FAIL""}, ""votes"": {""5"": 2, ""0"": 3, ""4"": 1}, ""stability"": {""50"": [0, 1, 2, 3, 4, 6, 9], ""100"": [2, 3, 4, 5, 6, 7, 9], ""196"": [0, 1, 2, 3, 6, 7, 9]}}",8,1,2026-09-25T23:31:53+07:00
202609252824,2026-09-25T23:31:53+07:00,"[5, 6, 4, 8, 2, 7, 3]","[0, 1, 9]",0.7407047931890798,0.6801281442161964,0.7074279939363315,-0.038590287568676676,0.5,2,0.7142857142857143,BALANCED,80,0.675,80,0.675,0.07144336277086513,OK,0.22278300708901794,59.01734604148107,0,"{""failed"": [""calibrated_probability_ok"", ""consensus_ok"", ""stability_ok"", ""live_hit_ok"", ""regime_hit_ok""], ""checks"": {""data_health_ok"": true, ""calibrated_probability_ok"": false, ""consensus_ok"": false, ""stability_ok"": false, ""drift_ok"": true, ""live_hit_ok"": false, ""regime_hit_ok"": false}, ""statuses"": {""data_health_ok"": ""PASS"", ""calibrated_probability_ok"": ""FAIL"", ""consensus_ok"": ""FAIL"", ""stability_ok"": ""FAIL"", ""drift_ok"": ""PASS"", ""live_hit_ok"": ""FAIL"", ""regime_hit_ok"": ""FAIL""}, ""votes"": {""0"": 3, ""1"": 3, ""9"": 0}, ""stability"": {""50"": [0, 1, 2, 4, 6, 8, 9], ""100"": [2, 3, 4, 5, 6, 7, 8], ""197"": [0, 1, 2, 3, 6, 7, 9]}}",0,0,2026-09-25T23:32:23+07:00
202609252825,2026-09-25T23:32:23+07:00,"[0, 2, 1, 6, 3, 9, 8]","[4, 7, 5]",0.7293813887267948,0.7026059413129986,0.7074279939363315,-0.006816315815411375,0.3333333333333333,0,0.7619047619047619,BALANCED,80,0.6625,80,0.6625,0.07827256104043877,OK,0.24458032970428226,56.20263539175989,0,"{""failed"": [""calibrated_probability_ok"", ""consensus_ok"", ""live_hit_ok"", ""regime_hit_ok""], ""checks"": {""data_health_ok"": true, ""calibrated_probability_ok"": false, ""consensus_ok"": false, ""stability_ok"": true, ""drift_ok"": true, ""live_hit_ok"": false, ""regime_hit_ok"": false}, ""statuses"": {""data_health_ok"": ""PASS"", ""calibrated_probability_ok"": ""FAIL"", ""consensus_ok"": ""FAIL"", ""stability_ok"": ""PASS"", ""drift_ok"": ""PASS"", ""live_hit_ok"": ""FAIL"", ""regime_hit_ok"": ""FAIL""}, ""votes"": {""4"": 1, ""7"": 2, ""5"": 1}, ""stability"": {""50"": [0, 1, 2, 4, 6, 8, 9], ""100"": [1, 2, 3, 4, 5, 6, 7], ""198"": [0, 1, 2, 3, 6, 7, 9]}}",8,1,2026-09-25T23:32:53+07:00
202609252826,2026-09-25T23:32:54+07:00,"[6, 2, 8, 5, 7, 0, 3]","[1, 9, 4]",0.7354815552270438,0.6948919906723008,0.7074279939363315,-0.017720536042511954,0.3333333333333333,1,0.7142857142857143,BALANCED,80,0.6625,80,0.6625,0.07474840778474535,OK,0.2345039092982173,56.11444687740743,0,"{""failed"": [""calibrated_probability_ok"", ""consensus_ok"", ""stability_ok"", ""live_hit_ok"", ""regime_hit_ok""], ""checks"": {""data_health_ok"": true, ""calibrated_probability_ok"": false, ""consensus_ok"": false, ""stability_ok"": false, ""drift_ok"": true, ""live_hit_ok"": false, ""regime_hit_ok"": false}, ""statuses"": {""data_health_ok"": ""PASS"", ""calibrated_probability_ok"": ""FAIL"", ""consensus_ok"": ""FAIL"", ""stability_ok"": ""FAIL"", ""drift_ok"": ""PASS"", ""live_hit_ok"": ""FAIL"", ""regime_hit_ok"": ""FAIL""}, ""votes"": {""1"": 3, ""9"": 1, ""4"": 0}, ""stability"": {""50"": [0, 1, 2, 4, 6, 8, 9], ""100"": [1, 2, 4, 5, 6, 7, 8], ""199"": [0, 2, 3, 6, 7, 8, 9]}}",1,0,2026-09-25T23:33:23+07:00
202609252827,2026-09-25T23:33:23+07:00,"[6, 9, 0, 2, 1, 3, 4]","[8, 5, 7]",0.7338122791530843,0.7042274784613672,0.7074279939363315,-0.004524157232110225,0.3333333333333333,0,0.7619047619047619,BALANCED,80,0.6625,80,0.6625,0.08135573925916832,OK,0.22639271967261945,56.13407668885978,0,"{""failed"": [""calibrated_probability_ok"", ""consensus_ok"", ""live_hit_ok"", ""regime_hit_ok""], ""checks"": {""data_health_ok"": true, ""calibrated_probability_ok"": false, ""consensus_ok"": false, ""stability_ok"": true, ""drift_ok"": true, ""live_hit_ok"": false, ""regime_hit_ok"": false}, ""statuses"": {""data_health_ok"": ""PASS"", ""calibrated_probability_ok"": ""FAIL"", ""consensus_ok"": ""FAIL"", ""stability_ok"": ""PASS"", ""drift_ok"": ""PASS"", ""live_hit_ok"": ""FAIL"", ""regime_hit_ok"": ""FAIL""}, ""votes"": {""8"": 1, ""5"": 2, ""7"": 1}, ""stability"": {""50"": [0, 1, 2, 4, 6, 8, 9], ""100"": [1, 2, 3, 4, 6, 7, 8], ""200"": [0, 1, 3, 6, 7, 8, 9]}}",9,1,2026-09-25T23:33:53+07:00
202609252828,2026-09-25T23:33:53+07:00,"[2, 3, 9, 5, 0, 6, 8]","[7, 4, 1]",0.7379407178021182,0.6799889192153492,0.7074279939363315,-0.038787092052017184,0.5,2,0.6666666666666666,BALANCED,80,0.6625,80,0.6625,0.07791471490168236,OK,0.2604599062937316,56.912218499217374,0,"{""failed"": [""calibrated_probability_ok"", ""consensus_ok"", ""stability_ok"", ""live_hit_ok"", ""regime_hit_ok""], ""checks"": {""data_health_ok"": true, ""calibrated_probability_ok"": false, ""consensus_ok"": false, ""stability_ok"": false, ""drift_ok"": true, ""live_hit_ok"": false, ""regime_hit_ok"": false}, ""statuses"": {""data_health_ok"": ""PASS"", ""calibrated_probability_ok"": ""FAIL"", ""consensus_ok"": ""FAIL"", ""stability_ok"": ""FAIL"", ""drift_ok"": ""PASS"", ""live_hit_ok"": ""FAIL"", ""regime_hit_ok"": ""FAIL""}, ""votes"": {""7"": 3, ""4"": 0, ""1"": 3}, ""stability"": {""50"": [0, 1, 2, 4, 5, 8, 9], ""100"": [1, 2, 4, 6, 7, 8, 9], ""201"": [0, 1, 3, 6, 7, 8, 9]}}",7,0,2026-09-25T23:34:23+07:00
202609252829,2026-09-25T23:34:23+07:00,"[9, 3, 7, 8, 0, 4, 6]","[5, 2, 1]",0.7368085607460347,0.6867589438341815,0.7074279939363315,-0.029217178680110627,0.6666666666666666,2,0.7619047619047619,BALANCED,80,0.65,80,0.65,0.08438555806737291,OK,0.21111059091215012,59.88488901801164,0,"{""failed"": [""calibrated_probability_ok"", ""live_hit_ok"", ""regime_hit_ok""], ""checks"": {""data_health_ok"": true, ""calibrated_probability_ok"": false, ""consensus_ok"": true, ""stability_ok"": true, ""drift_ok"": true, ""live_hit_ok"": false, ""regime_hit_ok"": false}, ""statuses"": {""data_health_ok"": ""PASS"", ""calibrated_probability_ok"": ""FAIL"", ""consensus_ok"": ""PASS"", ""stability_ok"": ""PASS"", ""drift_ok"": ""PASS"", ""live_hit_ok"": ""FAIL"", ""regime_hit_ok"": ""FAIL""}, ""votes"": {""5"": 1, ""2"": 3, ""1"": 4}, ""stability"": {""50"": [0, 1, 2, 4, 7, 8, 9], ""100"": [1, 2, 4, 6, 7, 8, 9], ""202"": [0, 1, 3, 6, 7, 8, 9]}}",8,1,2026-09-25T23:34:54+07:00
202609252830,2026-09-25T23:34:54+07:00,"[6, 8, 7, 2, 5, 9, 0]","[1, 4, 3]",0.7333328542414943,0.702898446574238,0.7074279939363315,-0.006402838735416567,0.5,1,0.7142857142857143,BALANCED,80,0.65,80,0.65,0.08101102411279684,OK,0.18347289736158506,57.94168839791085,0,"{""failed"": [""calibrated_probability_ok"", ""consensus_ok"", ""stability_ok"", ""live_hit_ok"", ""regime_hit_ok""], ""checks"": {""data_health_ok"": true, ""calibrated_probability_ok"": false, ""consensus_ok"": false, ""stability_ok"": false, ""drift_ok"": true, ""live_hit_ok"": false, ""regime_hit_ok"": false}, ""statuses"": {""data_health_ok"": ""PASS"", ""calibrated_probability_ok"": ""FAIL"", ""consensus_ok"": ""FAIL"", ""stability_ok"": ""FAIL"", ""drift_ok"": ""PASS"", ""live_hit_ok"": ""FAIL"", ""regime_hit_ok"": ""FAIL""}, ""votes"": {""1"": 4, ""4"": 1, ""3"": 1}, ""stability"": {""50"": [0, 1, 2, 4, 7, 8, 9], ""100"": [1, 2, 4, 6, 7, 8, 9], ""203"": [0, 1, 3, 6, 7, 8, 9]}}",8,1,2026-09-25T23:35:23+07:00
202609252831,2026-09-25T23:35:23+07:00,"[6, 9, 8, 5, 2, 7, 0]","[1, 4, 3]",0.7395716299822576,0.6764472399969144,0.7074279939363315,-0.04379350860436177,0.5,1,0.7142857142857143,BALANCED,80,0.65,80,0.65,0.07766796478711119,OK,0.22767179880600896,57.67605011316389,0,"{""failed"": [""calibrated_probability_ok"", ""consensus_ok"", ""stability_ok"", ""live_hit_ok"", ""regime_hit_ok""], ""checks"": {""data_health_ok"": true, ""calibrated_probability_ok"": false, ""consensus_ok"": false, ""stability_ok"": false, ""drift_ok"": true, ""live_hit_ok"": false, ""regime_hit_ok"": false}, ""statuses"": {""data_health_ok"": ""PASS"", ""calibrated_probability_ok"": ""FAIL"", ""consensus_ok"": ""FAIL"", ""stability_ok"": ""FAIL"", ""drift_ok"": ""PASS"", ""live_hit_ok"": ""FAIL"", ""regime_hit_ok"": ""FAIL""}, ""votes"": {""1"": 4, ""4"": 1, ""3"": 1}, ""stability"": {""50"": [0, 1, 2, 4, 7, 8, 9], ""100"": [1, 2, 4, 6, 7, 8, 9], ""204"": [0, 1, 3, 6, 7, 8, 9]}}",2,1,2026-09-25T23:35:53+07:00
202609252832,2026-09-25T23:35:53+07:00,"[6, 3, 0, 2, 4, 1, 8]","[7, 9, 5]",0.7490021964144806,0.6853229349055614,0.7074279939363315,-0.031247079872781493,0.3333333333333333,0,0.7142857142857143,BALANCED,80,0.65,80,0.65,0.07444799969373161,OK,0.2860606615518274,55.11717338336567,0,"{""failed"": [""calibrated_probability_ok"", ""consensus_ok"", ""stability_ok"", ""live_hit_ok"", ""regime_hit_ok""], ""checks"": {""data_health_ok"": true, ""calibrated_probability_ok"": false, ""consensus_ok"": false, ""stability_ok"": false, ""drift_ok"": true, ""live_hit_ok"": false, ""regime_hit_ok"": false}, ""statuses"": {""data_health_ok"": ""PASS"", ""calibrated_probability_ok"": ""FAIL"", ""consensus_ok"": ""FAIL"", ""stability_ok"": ""FAIL"", ""drift_ok"": ""PASS"", ""live_hit_ok"": ""FAIL"", ""regime_hit_ok"": ""FAIL""}, ""votes"": {""7"": 2, ""9"": 1, ""5"": 1}, ""stability"": {""50"": [0, 1, 2, 4, 5, 8, 9], ""100"": [1, 2, 4, 6, 7, 8, 9], ""205"": [0, 2, 3, 6, 7, 8, 9]}}",4,1,2026-09-25T23:36:23+07:00
202609252833,2026-09-25T23:36:23+07:00,"[8, 4, 6, 3, 2, 7, 9]","[5, 1, 0]",0.7407451315413446,0.6791168288304781,0.7074279939363315,-0.040019854103202794,0.6666666666666666,2,0.7619047619047619,BALANCED,80,0.65,80,0.65,0.07137775626656889,OK,0.35281663598686197,59.27172885733552,0,"{""failed"": [""calibrated_probability_ok"", ""live_hit_ok"", ""regime_hit_ok""], ""checks"": {""data_health_ok"": true, ""calibrated_probability_ok"": false, ""consensus_ok"": true, ""stability_ok"": true, ""drift_ok"": true, ""live_hit_ok"": false, ""regime_hit_ok"": false}, ""statuses"": {""data_health_ok"": ""PASS"", ""calibrated_probability_ok"": ""FAIL"", ""consensus_ok"": ""PASS"", ""stability_ok"": ""PASS"", ""drift_ok"": ""PASS"", ""live_hit_ok"": ""FAIL"", ""regime_hit_ok"": ""FAIL""}, ""votes"": {""5"": 2, ""1"": 3, ""0"": 3}, ""stability"": {""50"": [0, 1, 2, 4, 5, 8, 9], ""100"": [1, 2, 4, 6, 7, 8, 9], ""206"": [0, 2, 3, 6, 7, 8, 9]}}",5,0,2026-09-25T23:36:54+07:00
202609252834,2026-09-25T23:36:54+07:00,"[8, 5, 4, 6, 7, 9, 3]","[1, 0, 2]",0.7348705856775678,0.6893981895533785,0.7074279939363315,-0.025486416338474323,0.8333333333333334,3,0.6666666666666666,BALANCED,80,0.6375,80,0.6375,0.07763352612895,OK,0.3091351706704399,59.807130324478265,0,"{""failed"": [""calibrated_probability_ok"", ""stability_ok"", ""live_hit_ok"", ""regime_hit_ok""], ""checks"": {""data_health_ok"": true, ""calibrated_probability_ok"": false, ""consensus_ok"": true, ""stability_ok"": false, ""drift_ok"": true, ""live_hit_ok"": false, ""regime_hit_ok"": false}, ""statuses"": {""data_health_ok"": ""PASS"", ""calibrated_probability_ok"": ""FAIL"", ""consensus_ok"": ""PASS"", ""stability_ok"": ""FAIL"", ""drift_ok"": ""PASS"", ""live_hit_ok"": ""FAIL"", ""regime_hit_ok"": ""FAIL""}, ""votes"": {""1"": 4, ""0"": 3, ""2"": 3}, ""stability"": {""50"": [0, 1, 2, 4, 5, 8, 9], ""100"": [1, 2, 4, 6, 7, 8, 9], ""207"": [0, 2, 3, 6, 7, 8, 9]}}",3,1,2026-09-25T23:37:23+07:00
202609252835,2026-09-25T23:37:24+07:00,"[1, 0, 4, 7, 2, 3, 5]","[8, 6, 9]",0.7377849288453474,0.688103527229265,0.7074279939363315,-0.027316514009488962,0.25,0,0.619047619047619,BALANCED,80,0.6375,80,0.6375,0.07445979519884462,OK,0.37042563602147954,51.39956607125059,0,"{""failed"": [""calibrated_probability_ok"", ""consensus_ok"", ""stability_ok"", ""live_hit_ok"", ""regime_hit_ok""], ""checks"": {""data_health_ok"": true, ""calibrated_probability_ok"": false, ""consensus_ok"": false, ""stability_ok"": false, ""drift_ok"": true, ""live_hit_ok"": false, ""regime_hit_ok"": false}, ""statuses"": {""data_health_ok"": ""PASS"", ""calibrated_probability_ok"": ""FAIL"", ""consensus_ok"": ""FAIL"", ""stability_ok"": ""FAIL"", ""drift_ok"": ""PASS"", ""live_hit_ok"": ""FAIL"", ""regime_hit_ok"": ""FAIL""}, ""votes"": {""8"": 1, ""6"": 1, ""9"": 1}, ""stability"": {""50"": [0, 2, 3, 4, 5, 8, 9], ""100"": [1, 2, 4, 6, 7, 8, 9], ""208"": [0, 2, 3, 6, 7, 8, 9]}}",2,1,2026-09-25T23:37:53+07:00
202609252836,2026-09-25T23:37:53+07:00,"[3, 6, 0, 4, 2, 1, 5]","[7, 9, 8]",0.7499657515658066,0.692907992372568,0.7074279939363315,-0.020525059353348647,0.3333333333333333,0,0.619047619047619,BALANCED,80,0.6375,80,0.6375,0.0713710349570694,OK,0.37078987809752695,52.757919678712625,0,"{""failed"": [""calibrated_probability_ok"", ""consensus_ok"", ""stability_ok"", ""live_hit_ok"", ""regime_hit_ok""], ""checks"": {""data_health_ok"": true, ""calibrated_probability_ok"": false, ""consensus_ok"": false, ""stability_ok"": false, ""drift_ok"": true, ""live_hit_ok"": false, ""regime_hit_ok"": false}, ""statuses"": {""data_health_ok"": ""PASS"", ""calibrated_probability_ok"": ""FAIL"", ""consensus_ok"": ""FAIL"", ""stability_ok"": ""FAIL"", ""drift_ok"": ""PASS"", ""live_hit_ok"": ""FAIL"", ""regime_hit_ok"": ""FAIL""}, ""votes"": {""7"": 2, ""9"": 1, ""8"": 1}, ""stability"": {""50"": [0, 2, 3, 4, 5, 8, 9], ""100"": [1, 2, 4, 6, 7, 8, 9], ""209"": [0, 2, 3, 6, 7, 8, 9]}}",7,0,2026-09-25T23:38:23+07:00
202609252837,2026-09-25T23:38:24+07:00,"[8, 3, 9, 7, 4, 0, 6]","[5, 1, 2]",0.7305752361890989,0.6977560086164522,0.7074279939363315,-0.013672042105743718,0.6666666666666666,2,0.7619047619047619,BALANCED,80,0.625,80,0.625,0.07754007783533066,OK,0.3165584777779589,58.5084058912687,0,"{""failed"": [""calibrated_probability_ok"", ""live_hit_ok"", ""regime_hit_ok""], ""checks"": {""data_health_ok"": true, ""calibrated_probability_ok"": false, ""consensus_ok"": true, ""stability_ok"": true, ""drift_ok"": true, ""live_hit_ok"": false, ""regime_hit_ok"": false}, ""statuses"": {""data_health_ok"": ""PASS"", ""calibrated_probability_ok"": ""FAIL"", ""consensus_ok"": ""PASS"", ""stability_ok"": ""PASS"", ""drift_ok"": ""PASS"", ""live_hit_ok"": ""FAIL"", ""regime_hit_ok"": ""FAIL""}, ""votes"": {""5"": 1, ""1"": 4, ""2"": 3}, ""stability"": {""50"": [0, 2, 3, 4, 5, 8, 9], ""100"": [1, 2, 4, 6, 7, 8, 9], ""210"": [0, 2, 3, 6, 7, 8, 9]}}",3,1,2026-09-25T23:38:53+07:00
202609252838,2026-09-25T23:38:53+07:00,"[1, 7, 4, 2, 0, 3, 5]","[8, 6, 9]",0.7500537249911315,0.6899308100761444,0.7074279939363315,-0.02473351918522163,0.25,0,0.619047619047619,BALANCED,80,0.625,80,0.625,0.07441426845113033,OK,0.2793265820632691,52.357073079112645,0,"{""failed"": [""calibrated_probability_ok"", ""consensus_ok"", ""stability_ok"", ""live_hit_ok"", ""regime_hit_ok""], ""checks"": {""data_health_ok"": true, ""calibrated_probability_ok"": false, ""consensus_ok"": false, ""stability_ok"": false, ""drift_ok"": true, ""live_hit_ok"": false, ""regime_hit_ok"": false}, ""statuses"": {""data_health_ok"": ""PASS"", ""calibrated_probability_ok"": ""FAIL"", ""consensus_ok"": ""FAIL"", ""stability_ok"": ""FAIL"", ""drift_ok"": ""PASS"", ""live_hit_ok"": ""FAIL"", ""regime_hit_ok"": ""FAIL""}, ""votes"": {""8"": 1, ""6"": 1, ""9"": 1}, ""stability"": {""50"": [0, 2, 3, 4, 5, 8, 9], ""100"": [1, 2, 4, 6, 7, 8, 9], ""211"": [0, 2, 3, 6, 7, 8, 9]}}",9,0,2026-09-25T23:39:23+07:00
202609252839,2026-09-25T23:39:23+07:00,"[8, 2, 9, 3, 7, 6, 5]","[1, 0, 4]",0.7322985045791284,0.7046455217873184,0.7074279939363315,-0.0039332231306406585,0.75,2,0.7619047619047619,BALANCED,80,0.6125,80,0.6125,0.0804467635988089,OK,0.26407367012839106,59.663748452705946,0,"{""failed"": [""calibrated_probability_ok"", ""live_hit_ok"", ""regime_hit_ok""], ""checks"": {""data_health_ok"": true, ""calibrated_probability_ok"": false, ""consensus_ok"": true, ""stability_ok"": true, ""drift_ok"": true, ""live_hit_ok"": false, ""regime_hit_ok"": false}, ""statuses"": {""data_health_ok"": ""PASS"", ""calibrated_probability_ok"": ""FAIL"", ""consensus_ok"": ""PASS"", ""stability_ok"": ""PASS"", ""drift_ok"": ""PASS"", ""live_hit_ok"": ""FAIL"", ""regime_hit_ok"": ""FAIL""}, ""votes"": {""1"": 4, ""0"": 4, ""4"": 1}, ""stability"": {""50"": [0, 2, 3, 4, 5, 8, 9], ""100"": [1, 2, 4, 6, 7, 8, 9], ""212"": [0, 2, 3, 6, 7, 8, 9]}}",4,0,2026-09-25T23:39:54+07:00
202609252840,2026-09-25T23:39:54+07:00,"[9, 8, 3, 6, 2, 7, 4]","[5, 1, 0]",0.7346264396976525,0.676078245816083,0.7074279939363315,-0.044315108235694164,0.8333333333333334,2,0.8095238095238094,BALANCED,80,0.6125,80,0.6125,0.0862153630765109,OK,0.269967448360634,60.617899404680045,0,"{""failed"": [""calibrated_probability_ok"", ""live_hit_ok"", ""regime_hit_ok""], ""checks"": {""data_health_ok"": true, ""calibrated_probability_ok"": false, ""consensus_ok"": true, ""stability_ok"": true, ""drift_ok"": true, ""live_hit_ok"": false, ""regime_hit_ok"": false}, ""statuses"": {""data_health_ok"": ""PASS"", ""calibrated_probability_ok"": ""FAIL"", ""consensus_ok"": ""PASS"", ""stability_ok"": ""PASS"", ""drift_ok"": ""PASS"", ""live_hit_ok"": ""FAIL"", ""regime_hit_ok"": ""FAIL""}, ""votes"": {""5"": 2, ""1"": 4, ""0"": 4}, ""stability"": {""50"": [0, 2, 3, 4, 5, 8, 9], ""100"": [1, 2, 4, 6, 7, 8, 9], ""213"": [0, 2, 3, 6, 7, 8, 9]}}",5,0,2026-09-25T23:40:23+07:00
202609252841,2026-09-25T23:40:23+07:00,"[3, 8, 5, 4, 7, 6, 9]","[1, 0, 2]",0.746875435126402,0.6636451045994507,0.7074279939363315,-0.061890241426919346,0.9166666666666666,3,0.7142857142857143,BALANCED,80,0.6,80,0.6,0.09190317953809979,OK,0.2755942856935776,59.4859584809419,0,"{""failed"": [""calibrated_probability_ok"", ""stability_ok"", ""live_hit_ok"", ""regime_hit_ok""], ""checks"": {""data_health_ok"": true, ""calibrated_probability_ok"": false, ""consensus_ok"": true, ""stability_ok"": false, ""drift_ok"": true, ""live_hit_ok"": false, ""regime_hit_ok"": false}, ""statuses"": {""data_health_ok"": ""PASS"", ""calibrated_probability_ok"": ""FAIL"", ""consensus_ok"": ""PASS"", ""stability_ok"": ""FAIL"", ""drift_ok"": ""PASS"", ""live_hit_ok"": ""FAIL"", ""regime_hit_ok"": ""FAIL""}, ""votes"": {""1"": 4, ""0"": 4, ""2"": 3}, ""stability"": {""50"": [1, 2, 3, 4, 5, 8, 9], ""100"": [1, 2, 4, 6, 7, 8, 9], ""214"": [0, 2, 3, 6, 7, 8, 9]}}",9,1,2026-09-25T23:40:53+07:00
202609252842,2026-09-25T23:40:53+07:00,"[4, 9, 2, 3, 8, 7, 6]","[1, 0, 5]",0.7313157253210193,0.6768756862385147,0.7074279939363315,-0.04318786923855684,0.8333333333333334,2,0.8095238095238094,BALANCED,80,0.6125,80,0.6125,0.08890293828234597,OK,0.30390743382611224,59.86655496705169,0,"{""failed"": [""calibrated_probability_ok"", ""live_hit_ok"", ""regime_hit_ok""], ""checks"": {""data_health_ok"": true, ""calibrated_probability_ok"": false, ""consensus_ok"": true, ""stability_ok"": true, ""drift_ok"": true, ""live_hit_ok"": false, ""regime_hit_ok"": false}, ""statuses"": {""data_health_ok"": ""PASS"", ""calibrated_probability_ok"": ""FAIL"", ""consensus_ok"": ""PASS"", ""stability_ok"": ""PASS"", ""drift_ok"": ""PASS"", ""live_hit_ok"": ""FAIL"", ""regime_hit_ok"": ""FAIL""}, ""votes"": {""1"": 4, ""0"": 4, ""5"": 2}, ""stability"": {""50"": [1, 2, 3, 4, 5, 8, 9], ""100"": [1, 2, 4, 6, 7, 8, 9], ""215"": [0, 2, 3, 6, 7, 8, 9]}}",5,0,2026-09-25T23:41:23+07:00
202609252843,2026-09-25T23:41:24+07:00,"[9, 8, 3, 5, 4, 6, 7]","[1, 0, 2]",0.7546018448154631,0.6673639158811309,0.7074279939363315,-0.05663343605088717,0.9166666666666666,3,0.7619047619047619,BALANCED,80,0.6125,80,0.6125,0.09444097954992067,OK,0.3361390544507348,59.28844284221035,0,"{""failed"": [""calibrated_probability_ok"", ""live_hit_ok"", ""regime_hit_ok""], ""checks"": {""data_health_ok"": true, ""calibrated_probability_ok"": false, ""consensus_ok"": true, ""stability_ok"": true, ""drift_ok"": true, ""live_hit_ok"": false, ""regime_hit_ok"": false}, ""statuses"": {""data_health_ok"": ""PASS"", ""calibrated_probability_ok"": ""FAIL"", ""consensus_ok"": ""PASS"", ""stability_ok"": ""PASS"", ""drift_ok"": ""PASS"", ""live_hit_ok"": ""FAIL"", ""regime_hit_ok"": ""FAIL""}, ""votes"": {""1"": 4, ""0"": 4, ""2"": 3}, ""stability"": {""50"": [1, 2, 3, 4, 5, 8, 9], ""100"": [2, 4, 5, 6, 7, 8, 9], ""216"": [0, 2, 3, 6, 7, 8, 9]}}",5,1,2026-09-25T23:41:53+07:00
202609252844,2026-09-25T23:41:53+07:00,"[5, 8, 7, 9, 4, 3, 6]","[1, 0, 2]",0.7595440953032616,0.6682185520818311,0.7074279939363315,-0.05542534673575451,0.9166666666666666,3,0.7619047619047619,BALANCED,80,0.625,80,0.625,0.09153637156073735,OK,0.3954624658765669,59.07956990461373,0,"{""failed"": [""calibrated_probability_ok"", ""live_hit_ok"", ""regime_hit_ok""], ""checks"": {""data_health_ok"": true, ""calibrated_probability_ok"": false, ""consensus_ok"": true, ""stability_ok"": true, ""drift_ok"": true, ""live_hit_ok"": false, ""regime_hit_ok"": false}, ""statuses"": {""data_health_ok"": ""PASS"", ""calibrated_probability_ok"": ""FAIL"", ""consensus_ok"": ""PASS"", ""stability_ok"": ""PASS"", ""drift_ok"": ""PASS"", ""live_hit_ok"": ""FAIL"", ""regime_hit_ok"": ""FAIL""}, ""votes"": {""1"": 4, ""0"": 4, ""2"": 3}, ""stability"": {""50"": [1, 2, 3, 4, 5, 8, 9], ""100"": [2, 4, 5, 6, 7, 8, 9], ""217"": [0, 2, 3, 6, 7, 8, 9]}}",5,1,2026-09-25T23:42:23+07:00
202609252845,2026-09-25T23:42:23+07:00,"[5, 8, 7, 9, 4, 3, 6]","[1, 0, 2]",0.7684597297034567,0.7209009554956478,0.7074279939363315,0.01904499351849065,0.9166666666666666,3,0.7619047619047619,BALANCED,80,0.625,80,0.625,0.08872287769414845,OK,0.434949506548443,60.00545290696492,0,"{""failed"": [""live_hit_ok"", ""regime_hit_ok""], ""checks"": {""data_health_ok"": true, ""calibrated_probability_ok"": true, ""consensus_ok"": true, ""stability_ok"": true, ""drift_ok"": true, ""live_hit_ok"": false, ""regime_hit_ok"": false}, ""statuses"": {""data_health_ok"": ""PASS"", ""calibrated_probability_ok"": ""PASS"", ""consensus_ok"": ""PASS"", ""stability_ok"": ""PASS"", ""drift_ok"": ""PASS"", ""live_hit_ok"": ""FAIL"", ""regime_hit_ok"": ""FAIL""}, ""votes"": {""1"": 4, ""0"": 4, ""2"": 3}, ""stability"": {""50"": [1, 2, 3, 4, 5, 8, 9], ""100"": [2, 4, 5, 6, 7, 8, 9], ""218"": [0, 2, 3, 6, 7, 8, 9]}}",5,1,2026-09-25T23:42:53+07:00
202609252846,2026-09-25T23:42:53+07:00,"[5, 8, 7, 9, 4, 3, 6]","[0, 1, 2]",0.7784403140186719,0.7081258040053348,0.7074279939363315,0.000986404376112431,0.9166666666666666,3,0.8095238095238094,BALANCED,80,0.6375,80,0.6375,0.0860315907362435,OK,0.47752835320742304,59.48209917307198,0,"{""failed"": [""calibrated_probability_ok"", ""drift_ok"", ""live_hit_ok"", ""regime_hit_ok""], ""checks"": {""data_health_ok"": true, ""calibrated_probability_ok"": false, ""consensus_ok"": true, ""stability_ok"": true, ""drift_ok"": false, ""live_hit_ok"": false, ""regime_hit_ok"": false}, ""statuses"": {""data_health_ok"": ""PASS"", ""calibrated_probability_ok"": ""FAIL"", ""consensus_ok"": ""PASS"", ""stability_ok"": ""PASS"", ""drift_ok"": ""FAIL"", ""live_hit_ok"": ""FAIL"", ""regime_hit_ok"": ""FAIL""}, ""votes"": {""0"": 4, ""1"": 4, ""2"": 3}, ""stability"": {""50"": [1, 2, 3, 4, 5, 8, 9], ""100"": [2, 4, 5, 6, 7, 8, 9], ""219"": [0, 3, 5, 6, 7, 8, 9]}}",8,1,2026-09-25T23:43:53+07:00
202609252848,2026-09-25T23:43:53+07:00,"[7, 1, 4, 5, 2, 9, 3]","[8, 6, 0]",0.7403802813041297,0.6626534780616992,0.7074279939363315,-0.0632919763684981,0.5,1,0.7142857142857143,BALANCED,80,0.65,80,0.65,0.08716099152995255,OK,0.5126512168911508,52.72914568737983,0,"{""failed"": [""calibrated_probability_ok"", ""consensus_ok"", ""stability_ok"", ""drift_ok"", ""live_hit_ok"", ""regime_hit_ok""], ""checks"": {""data_health_ok"": true, ""calibrated_probability_ok"": false, ""consensus_ok"": false, ""stability_ok"": false, ""drift_ok"": false, ""live_hit_ok"": false, ""regime_hit_ok"": false}, ""statuses"": {""data_health_ok"": ""PASS"", ""calibrated_probability_ok"": ""FAIL"", ""consensus_ok"": ""FAIL"", ""stability_ok"": ""FAIL"", ""drift_ok"": ""FAIL"", ""live_hit_ok"": ""FAIL"", ""regime_hit_ok"": ""FAIL""}, ""votes"": {""8"": 1, ""6"": 2, ""0"": 3}, ""stability"": {""50"": [1, 2, 3, 4, 5, 8, 9], ""100"": [2, 4, 5, 6, 7, 8, 9], ""221"": [0, 3, 5, 6, 7, 8, 9]}}",9,1,2026-09-25T23:44:24+07:00
202609252849,2026-09-25T23:44:24+07:00,"[8, 9, 4, 5, 3, 2, 7]","[0, 1, 6]",0.7385360357935983,0.6674859898887556,0.7074279939363315,-0.05646087572153759,0.8333333333333334,2,0.7619047619047619,BALANCED,80,0.65,80,0.65,0.0842950352470945,OK,0.5063814595410603,57.876667525278016,0,"{""failed"": [""calibrated_probability_ok"", ""drift_ok"", ""live_hit_ok"", ""regime_hit_ok""], ""checks"": {""data_health_ok"": true, ""calibrated_probability_ok"": false, ""consensus_ok"": true, ""stability_ok"": true, ""drift_ok"": false, ""live_hit_ok"": false, ""regime_hit_ok"": false}, ""statuses"": {""data_health_ok"": ""PASS"", ""calibrated_probability_ok"": ""FAIL"", ""consensus_ok"": ""PASS"", ""stability_ok"": ""PASS"", ""drift_ok"": ""FAIL"", ""live_hit_ok"": ""FAIL"", ""regime_hit_ok"": ""FAIL""}, ""votes"": {""0"": 4, ""1"": 4, ""6"": 2}, ""stability"": {""50"": [1, 2, 3, 4, 5, 8, 9], ""100"": [1, 2, 4, 5, 6, 7, 9], ""222"": [0, 3, 5, 6, 7, 8, 9]}}",4,1,2026-09-25T23:44:53+07:00
202609252850,2026-09-25T23:44:54+07:00,"[5, 9, 3, 8, 6, 2, 7]","[0, 1, 4]",0.7411316986820906,0.6678393531852768,0.7074279939363315,-0.055961371461669476,0.75,2,0.7619047619047619,BALANCED,80,0.6625,80,0.6625,0.08146094508763967,OK,0.44831365657196054,58.24921584701427,0,"{""failed"": [""calibrated_probability_ok"", ""live_hit_ok"", ""regime_hit_ok""], ""checks"": {""data_health_ok"": true, ""calibrated_probability_ok"": false, ""consensus_ok"": true, ""stability_ok"": true, ""drift_ok"": true, ""live_hit_ok"": false, ""regime_hit_ok"": false}, ""statuses"": {""data_health_ok"": ""PASS"", ""calibrated_probability_ok"": ""FAIL"", ""consensus_ok"": ""PASS"", ""stability_ok"": ""PASS"", ""drift_ok"": ""PASS"", ""live_hit_ok"": ""FAIL"", ""regime_hit_ok"": ""FAIL""}, ""votes"": {""0"": 4, ""1"": 4, ""4"": 1}, ""stability"": {""50"": [1, 2, 3, 4, 5, 8, 9], ""100"": [1, 2, 4, 5, 6, 7, 9], ""223"": [0, 3, 5, 6, 7, 8, 9]}}",3,1,2026-09-25T23:45:23+07:00
202609252851,2026-09-25T23:45:23+07:00,"[1, 7, 9, 4, 2, 5, 3]","[8, 0, 6]",0.7342617454086551,0.6814494290190622,0.7074279939363315,-0.0367225571223399,0.4166666666666667,1,0.8095238095238096,BALANCED,80,0.6625,80,0.6625,0.07869404064531808,OK,0.4299222216074098,55.22144308505741,0,"{""failed"": [""calibrated_probability_ok"", ""consensus_ok"", ""live_hit_ok"", ""regime_hit_ok""], ""checks"": {""data_health_ok"": true, ""calibrated_probability_ok"": false, ""consensus_ok"": false, ""stability_ok"": true, ""drift_ok"": true, ""live_hit_ok"": false, ""regime_hit_ok"": false}, ""statuses"": {""data_health_ok"": ""PASS"", ""calibrated_probability_ok"": ""FAIL"", ""consensus_ok"": ""FAIL"", ""stability_ok"": ""PASS"", ""drift_ok"": ""PASS"", ""live_hit_ok"": ""FAIL"", ""regime_hit_ok"": ""FAIL""}, ""votes"": {""8"": 1, ""0"": 3, ""6"": 1}, ""stability"": {""50"": [1, 2, 3, 4, 5, 8, 9], ""100"": [1, 2, 3, 4, 5, 7, 9], ""224"": [0, 3, 5, 6, 7, 8, 9]}}",3,1,2026-09-25T23:45:53+07:00
202609252852,2026-09-25T23:45:53+07:00,"[4, 3, 1, 9, 7, 2, 5]","[8, 6, 0]",0.7475586647248593,0.6805047751382779,0.7074279939363315,-0.03805789285810578,0.4166666666666667,1,0.8095238095238096,BALANCED,80,0.675,80,0.675,0.07591636084502243,OK,0.3827257291877445,56.47879157008355,0,"{""failed"": [""calibrated_probability_ok"", ""consensus_ok"", ""live_hit_ok"", ""regime_hit_ok""], ""checks"": {""data_health_ok"": true, ""calibrated_probability_ok"": false, ""consensus_ok"": false, ""stability_ok"": true, ""drift_ok"": true, ""live_hit_ok"": false, ""regime_hit_ok"": false}, ""statuses"": {""data_health_ok"": ""PASS"", ""calibrated_probability_ok"": ""FAIL"", ""consensus_ok"": ""FAIL"", ""stability_ok"": ""PASS"", ""drift_ok"": ""PASS"", ""live_hit_ok"": ""FAIL"", ""regime_hit_ok"": ""FAIL""}, ""votes"": {""8"": 1, ""6"": 1, ""0"": 3}, ""stability"": {""50"": [1, 2, 3, 4, 5, 8, 9], ""100"": [1, 2, 3, 4, 5, 7, 9], ""225"": [0, 3, 5, 6, 7, 8, 9]}}",5,1,2026-09-25T23:46:23+07:00
202609252853,2026-09-25T23:46:24+07:00,"[5, 8, 6, 9, 3, 4, 7]","[0, 1, 2]",0.7639472083995311,0.700680553172333,0.7074279939363315,-0.00953798947996644,0.9166666666666666,3,0.7619047619047619,BALANCED,80,0.675,80,0.675,0.07328949927606117,OK,0.3881856939100437,62.33135204491366,0,"{""failed"": [""calibrated_probability_ok"", ""live_hit_ok"", ""regime_hit_ok""], ""checks"": {""data_health_ok"": true, ""calibrated_probability_ok"": false, ""consensus_ok"": true, ""stability_ok"": true, ""drift_ok"": true, ""live_hit_ok"": false, ""regime_hit_ok"": false}, ""statuses"": {""data_health_ok"": ""PASS"", ""calibrated_probability_ok"": ""FAIL"", ""consensus_ok"": ""PASS"", ""stability_ok"": ""PASS"", ""drift_ok"": ""PASS"", ""live_hit_ok"": ""FAIL"", ""regime_hit_ok"": ""FAIL""}, ""votes"": {""0"": 4, ""1"": 4, ""2"": 3}, ""stability"": {""50"": [1, 2, 3, 4, 5, 8, 9], ""100"": [1, 2, 3, 4, 5, 7, 9], ""226"": [0, 3, 5, 6, 7, 8, 9]}}",0,0,2026-09-25T23:46:53+07:00
202609252854,2026-09-25T23:46:53+07:00,"[0, 5, 3, 9, 2, 8, 1]","[4, 7, 6]",0.7330074996332613,0.7060013635696839,0.7074279939363315,-0.002016643925425475,0.3333333333333333,0,0.7619047619047619,BALANCED,80,0.675,80,0.675,0.07877090966593003,OK,0.32359797334115237,55.36575680387025,0,"{""failed"": [""calibrated_probability_ok"", ""consensus_ok"", ""live_hit_ok"", ""regime_hit_ok""], ""checks"": {""data_health_ok"": true, ""calibrated_probability_ok"": false, ""consensus_ok"": false, ""stability_ok"": true, ""drift_ok"": true, ""live_hit_ok"": false, ""regime_hit_ok"": false}, ""statuses"": {""data_health_ok"": ""PASS"", ""calibrated_probability_ok"": ""FAIL"", ""consensus_ok"": ""FAIL"", ""stability_ok"": ""PASS"", ""drift_ok"": ""PASS"", ""live_hit_ok"": ""FAIL"", ""regime_hit_ok"": ""FAIL""}, ""votes"": {""4"": 1, ""7"": 2, ""6"": 1}, ""stability"": {""50"": [0, 2, 3, 4, 5, 8, 9], ""100"": [1, 2, 3, 4, 5, 7, 9], ""227"": [0, 3, 5, 6, 7, 8, 9]}}",3,1,2026-09-25T23:47:23+07:00
202609252855,2026-09-25T23:47:24+07:00,"[1, 0, 3, 4, 9, 5, 7]","[8, 6, 2]",0.7462932580774951,0.6778032528779714,0.7074279939363315,-0.04187668753892483,0.4166666666666667,0,0.7142857142857143,BALANCED,80,0.6875,80,0.6875,0.0760483631302397,OK,0.26751846394661216,57.18716604769074,0,"{""failed"": [""calibrated_probability_ok"", ""consensus_ok"", ""stability_ok"", ""live_hit_ok"", ""regime_hit_ok""], ""checks"": {""data_health_ok"": true, ""calibrated_probability_ok"": false, ""consensus_ok"": false, ""stability_ok"": false, ""drift_ok"": true, ""live_hit_ok"": false, ""regime_hit_ok"": false}, ""statuses"": {""data_health_ok"": ""PASS"", ""calibrated_probability_ok"": ""FAIL"", ""consensus_ok"": ""FAIL"", ""stability_ok"": ""FAIL"", ""drift_ok"": ""PASS"", ""live_hit_ok"": ""FAIL"", ""regime_hit_ok"": ""FAIL""}, ""votes"": {""8"": 1, ""6"": 2, ""2"": 2}, ""stability"": {""50"": [0, 2, 3, 4, 5, 8, 9], ""100"": [1, 2, 3, 4, 5, 8, 9], ""228"": [0, 3, 5, 6, 7, 8, 9]}}",4,1,2026-09-25T23:47:53+07:00
202609252856,2026-09-25T23:47:53+07:00,"[3, 8, 6, 2, 5, 9, 4]","[1, 0, 7]",0.7446371638933685,0.675301008999066,0.7074279939363315,-0.04541378799346317,0.6666666666666666,2,0.8095238095238094,BALANCED,80,0.7,80,0.7,0.07347215137201507,OK,0.2747888320152746,61.982520295361674,0,"{""failed"": [""calibrated_probability_ok"", ""live_hit_ok"", ""regime_hit_ok""], ""checks"": {""data_health_ok"": true, ""calibrated_probability_ok"": false, ""consensus_ok"": true, ""stability_ok"": true, ""drift_ok"": true, ""live_hit_ok"": false, ""regime_hit_ok"": false}, ""statuses"": {""data_health_ok"": ""PASS"", ""calibrated_probability_ok"": ""FAIL"", ""consensus_ok"": ""PASS"", ""stability_ok"": ""PASS"", ""drift_ok"": ""PASS"", ""live_hit_ok"": ""FAIL"", ""regime_hit_ok"": ""FAIL""}, ""votes"": {""1"": 4, ""0"": 3, ""7"": 1}, ""stability"": {""50"": [0, 2, 3, 4, 5, 8, 9], ""100"": [1, 2, 3, 4, 5, 8, 9], ""229"": [0, 3, 5, 6, 7, 8, 9]}}",2,1,2026-09-25T23:48:23+07:00
202609252857,2026-09-25T23:48:24+07:00,"[2, 6, 3, 4, 5, 0, 9]","[8, 7, 1]",0.756355157986018,0.69319652559245,0.7074279939363315,-0.020117197037529597,0.5,1,0.7142857142857143,BALANCED,80,0.7,80,0.7,0.0709230429419481,OK,0.2901286264801069,58.76119019878369,0,"{""failed"": [""calibrated_probability_ok"", ""consensus_ok"", ""stability_ok"", ""live_hit_ok"", ""regime_hit_ok""], ""checks"": {""data_health_ok"": true, ""calibrated_probability_ok"": false, ""consensus_ok"": false, ""stability_ok"": false, ""drift_ok"": true, ""live_hit_ok"": false, ""regime_hit_ok"": false}, ""statuses"": {""data_health_ok"": ""PASS"", ""calibrated_probability_ok"": ""FAIL"", ""consensus_ok"": ""FAIL"", ""stability_ok"": ""FAIL"", ""drift_ok"": ""PASS"", ""live_hit_ok"": ""FAIL"", ""regime_hit_ok"": ""FAIL""}, ""votes"": {""8"": 1, ""7"": 1, ""1"": 4}, ""stability"": {""50"": [1, 2, 3, 4, 5, 8, 9], ""100"": [1, 2, 3, 4, 5, 8, 9], ""230"": [0, 3, 5, 6, 7, 8, 9]}}",6,1,2026-09-25T23:48:53+07:00
202609252858,2026-09-25T23:48:53+07:00,"[3, 2, 0, 7, 9, 4, 6]","[8, 5, 1]",0.7554002086174652,0.6925205765229404,0.7074279939363315,-0.0210726993293578,0.5,1,0.6666666666666666,BALANCED,80,0.7,80,0.7,0.0685032899807486,OK,0.3025454263132331,58.24555415043267,0,"{""failed"": [""calibrated_probability_ok"", ""consensus_ok"", ""stability_ok"", ""live_hit_ok"", ""regime_hit_ok""], ""checks"": {""data_health_ok"": true, ""calibrated_probability_ok"": false, ""consensus_ok"": false, ""stability_ok"": false, ""drift_ok"": true, ""live_hit_ok"": false, ""regime_hit_ok"": false}, ""statuses"": {""data_health_ok"": ""PASS"", ""calibrated_probability_ok"": ""FAIL"", ""consensus_ok"": ""FAIL"", ""stability_ok"": ""FAIL"", ""drift_ok"": ""PASS"", ""live_hit_ok"": ""FAIL"", ""regime_hit_ok"": ""FAIL""}, ""votes"": {""8"": 1, ""5"": 2, ""1"": 3}, ""stability"": {""50"": [0, 2, 3, 4, 5, 8, 9], ""100"": [1, 2, 3, 4, 5, 8, 9], ""231"": [0, 3, 5, 6, 7, 8, 9]}}",3,1,2026-09-25T23:49:23+07:00
202609252859,2026-09-25T23:49:23+07:00,"[2, 7, 5, 1, 4, 3, 0]","[8, 6, 9]",0.7550301937749939,0.6945619311258495,0.7074279939363315,-0.018187098787102736,0.25,0,0.6666666666666666,BALANCED,80,0.7,80,0.7,0.06611319012301362,OK,0.2514606804991204,56.07903324414274,0,"{""failed"": [""calibrated_probability_ok"", ""consensus_ok"", ""stability_ok"", ""live_hit_ok"", ""regime_hit_ok""], ""checks"": {""data_health_ok"": true, ""calibrated_probability_ok"": false, ""consensus_ok"": false, ""stability_ok"": false, ""drift_ok"": true, ""live_hit_ok"": false, ""regime_hit_ok"": false}, ""statuses"": {""data_health_ok"": ""PASS"", ""calibrated_probability_ok"": ""FAIL"", ""consensus_ok"": ""FAIL"", ""stability_ok"": ""FAIL"", ""drift_ok"": ""PASS"", ""live_hit_ok"": ""FAIL"", ""regime_hit_ok"": ""FAIL""}, ""votes"": {""8"": 1, ""6"": 2, ""9"": 0}, ""stability"": {""50"": [0, 2, 3, 4, 5, 8, 9], ""100"": [1, 2, 3, 4, 5, 8, 9], ""232"": [0, 3, 5, 6, 7, 8, 9]}}",2,1,2026-09-25T23:49:53+07:00
202609252860,2026-09-25T23:49:53+07:00,"[3, 6, 0, 4, 2, 7, 5]","[8, 1, 9]",0.7585149238623492,0.6940735605517642,0.7074279939363315,-0.018877445477184857,0.5,1,0.7142857142857143,BALANCED,80,0.7,80,0.7,0.06375650075674075,OK,0.20212743243600703,60.729943815910836,0,"{""failed"": [""calibrated_probability_ok"", ""consensus_ok"", ""stability_ok"", ""live_hit_ok"", ""regime_hit_ok""], ""checks"": {""data_health_ok"": true, ""calibrated_probability_ok"": false, ""consensus_ok"": false, ""stability_ok"": false, ""drift_ok"": true, ""live_hit_ok"": false, ""regime_hit_ok"": false}, ""statuses"": {""data_health_ok"": ""PASS"", ""calibrated_probability_ok"": ""FAIL"", ""consensus_ok"": ""FAIL"", ""stability_ok"": ""FAIL"", ""drift_ok"": ""PASS"", ""live_hit_ok"": ""FAIL"", ""regime_hit_ok"": ""FAIL""}, ""votes"": {""8"": 1, ""1"": 4, ""9"": 1}, ""stability"": {""50"": [0, 2, 3, 4, 5, 8, 9], ""100"": [1, 2, 3, 4, 5, 8, 9], ""233"": [0, 2, 3, 5, 6, 7, 9]}}",1,0,2026-09-25T23:50:23+07:00
202609252861,2026-09-25T23:50:23+07:00,"[9, 0, 6, 2, 3, 5, 4]","[8, 7, 1]",0.7464691819387549,0.6840898230790274,0.7074279939363315,-0.03299017151900342,0.5,1,0.7619047619047619,BALANCED,80,0.7,80,0.7,0.06898024829888819,OK,0.18514011156022425,61.01697655433889,0,"{""failed"": [""calibrated_probability_ok"", ""consensus_ok"", ""live_hit_ok"", ""regime_hit_ok""], ""checks"": {""data_health_ok"": true, ""calibrated_probability_ok"": false, ""consensus_ok"": false, ""stability_ok"": true, ""drift_ok"": true, ""live_hit_ok"": false, ""regime_hit_ok"": false}, ""statuses"": {""data_health_ok"": ""PASS"", ""calibrated_probability_ok"": ""FAIL"", ""consensus_ok"": ""FAIL"", ""stability_ok"": ""PASS"", ""drift_ok"": ""PASS"", ""live_hit_ok"": ""FAIL"", ""regime_hit_ok"": ""FAIL""}, ""votes"": {""8"": 1, ""7"": 1, ""1"": 4}, ""stability"": {""50"": [1, 2, 3, 4, 5, 8, 9], ""100"": [1, 2, 3, 4, 5, 8, 9], ""234"": [0, 2, 3, 5, 6, 7, 9]}}",2,1,2026-09-25T23:50:53+07:00
202609252862,2026-09-25T23:50:53+07:00,"[6, 3, 4, 2, 5, 1, 0]","[8, 7, 9]",0.7531430333370285,0.695780534216825,0.7074279939363315,-0.01646451627493103,0.3333333333333333,0,0.7142857142857143,BALANCED,80,0.7,80,0.7,0.06657344929620061,OK,0.1812232386453841,58.64351436792019,0,"{""failed"": [""calibrated_probability_ok"", ""consensus_ok"", ""stability_ok"", ""live_hit_ok"", ""regime_hit_ok""], ""checks"": {""data_health_ok"": true, ""calibrated_probability_ok"": false, ""consensus_ok"": false, ""stability_ok"": false, ""drift_ok"": true, ""live_hit_ok"": false, ""regime_hit_ok"": false}, ""statuses"": {""data_health_ok"": ""PASS"", ""calibrated_probability_ok"": ""FAIL"", ""consensus_ok"": ""FAIL"", ""stability_ok"": ""FAIL"", ""drift_ok"": ""PASS"", ""live_hit_ok"": ""FAIL"", ""regime_hit_ok"": ""FAIL""}, ""votes"": {""8"": 1, ""7"": 2, ""9"": 1}, ""stability"": {""50"": [1, 2, 3, 4, 5, 8, 9], ""100"": [1, 2, 3, 4, 5, 8, 9], ""235"": [0, 2, 3, 5, 6, 7, 9]}}",8,0,2026-09-25T23:51:23+07:00
202609252863,2026-09-25T23:51:23+07:00,"[8, 2, 5, 3, 6, 9, 4]","[0, 1, 7]",0.7328596811458732,0.7125620139906678,0.7074279939363315,0.007257304062522404,0.75,2,0.8095238095238094,BALANCED,80,0.6875,80,0.6875,0.07165914991872521,OK,0.18011192238207888,64.66562354383704,0,"{""failed"": [""calibrated_probability_ok"", ""live_hit_ok"", ""regime_hit_ok""], ""checks"": {""data_health_ok"": true, ""calibrated_probability_ok"": false, ""consensus_ok"": true, ""stability_ok"": true, ""drift_ok"": true, ""live_hit_ok"": false, ""regime_hit_ok"": false}, ""statuses"": {""data_health_ok"": ""PASS"", ""calibrated_probability_ok"": ""FAIL"", ""consensus_ok"": ""PASS"", ""stability_ok"": ""PASS"", ""drift_ok"": ""PASS"", ""live_hit_ok"": ""FAIL"", ""regime_hit_ok"": ""FAIL""}, ""votes"": {""0"": 4, ""1"": 4, ""7"": 1}, ""stability"": {""50"": [1, 2, 3, 4, 5, 8, 9], ""100"": [1, 2, 3, 4, 5, 8, 9], ""236"": [0, 2, 3, 6, 7, 8, 9]}}",2,1,2026-09-25T23:51:53+07:00
202609252864,2026-09-25T23:51:53+07:00,"[6, 3, 4, 0, 2, 5, 1]","[7, 9, 8]",0.7511290553147687,0.692958046446375,0.7074279939363315,-0.020454304344731358,0.3333333333333333,0,0.6666666666666666,BALANCED,80,0.6875,80,0.6875,0.06916797735421894,OK,0.21875025342631707,56.944304394681126,0,"{""failed"": [""calibrated_probability_ok"", ""consensus_ok"", ""stability_ok"", ""live_hit_ok"", ""regime_hit_ok""], ""checks"": {""data_health_ok"": true, ""calibrated_probability_ok"": false, ""consensus_ok"": false, ""stability_ok"": false, ""drift_ok"": true, ""live_hit_ok"": false, ""regime_hit_ok"": false}, ""statuses"": {""data_health_ok"": ""PASS"", ""calibrated_probability_ok"": ""FAIL"", ""consensus_ok"": ""FAIL"", ""stability_ok"": ""FAIL"", ""drift_ok"": ""PASS"", ""live_hit_ok"": ""FAIL"", ""regime_hit_ok"": ""FAIL""}, ""votes"": {""7"": 2, ""9"": 1, ""8"": 1}, ""stability"": {""50"": [1, 2, 3, 4, 5, 8, 9], ""100"": [1, 2, 3, 4, 5, 8, 9], ""237"": [0, 2, 3, 6, 7, 8, 9]}}",2,1,2026-09-25T23:52:23+07:00
202609252865,2026-09-25T23:52:23+07:00,"[3, 4, 6, 2, 5, 1, 0]","[7, 9, 8]",0.7495031305482021,0.6947406663049613,0.7074279939363315,-0.017934443844629704,0.3333333333333333,0,0.6666666666666666,BALANCED,80,0.7,80,0.7,0.06684652536852952,OK,0.2104323386358456,57.614148904169205,0,"{""failed"": [""calibrated_probability_ok"", ""consensus_ok"", ""stability_ok"", ""live_hit_ok"", ""regime_hit_ok""], ""checks"": {""data_health_ok"": true, ""calibrated_probability_ok"": false, ""consensus_ok"": false, ""stability_ok"": false, ""drift_ok"": true, ""live_hit_ok"": false, ""regime_hit_ok"": false}, ""statuses"": {""data_health_ok"": ""PASS"", ""calibrated_probability_ok"": ""FAIL"", ""consensus_ok"": ""FAIL"", ""stability_ok"": ""FAIL"", ""drift_ok"": ""PASS"", ""live_hit_ok"": ""FAIL"", ""regime_hit_ok"": ""FAIL""}, ""votes"": {""7"": 2, ""9"": 1, ""8"": 1}, ""stability"": {""50"": [1, 2, 3, 4, 5, 8, 9], ""100"": [1, 2, 3, 4, 5, 8, 9], ""238"": [0, 2, 3, 6, 7, 8, 9]}}",7,0,2026-09-25T23:52:53+07:00
202609252866,2026-09-25T23:52:54+07:00,"[3, 8, 9, 7, 4, 5, 2]","[6, 1, 0]",0.7375893493295352,0.6866071520767442,0.7074279939363315,-0.029431747171516674,0.6666666666666666,2,0.8095238095238094,BALANCED,80,0.6875,80,0.6875,0.07179331236258517,OK,0.23801625558442746,62.35562958705017,0,"{""failed"": [""calibrated_probability_ok"", ""live_hit_ok"", ""regime_hit_ok""], ""checks"": {""data_health_ok"": true, ""calibrated_probability_ok"": false, ""consensus_ok"": true, ""stability_ok"": true, ""drift_ok"": true, ""live_hit_ok"": false, ""regime_hit_ok"": false}, ""statuses"": {""data_health_ok"": ""PASS"", ""calibrated_probability_ok"": ""FAIL"", ""consensus_ok"": ""PASS"", ""stability_ok"": ""PASS"", ""drift_ok"": ""PASS"", ""live_hit_ok"": ""FAIL"", ""regime_hit_ok"": ""FAIL""}, ""votes"": {""6"": 2, ""1"": 3, ""0"": 3}, ""stability"": {""50"": [1, 2, 3, 4, 5, 8, 9], ""100"": [1, 2, 3, 4, 5, 8, 9], ""239"": [0, 2, 3, 6, 7, 8, 9]}}",0,0,2026-09-25T23:53:23+07:00
202609252867,2026-09-25T23:53:23+07:00,"[5, 3, 2, 0, 6, 8, 1]","[4, 7, 9]",0.7395008495564045,0.6742568715616762,0.7074279939363315,-0.04688975084245912,0.25,0,0.7142857142857143,BALANCED,80,0.675,80,0.675,0.07658321190910994,OK,0.23665535758554984,55.16427355490651,0,"{""failed"": [""calibrated_probability_ok"", ""consensus_ok"", ""stability_ok"", ""live_hit_ok"", ""regime_hit_ok""], ""checks"": {""data_health_ok"": true, ""calibrated_probability_ok"": false, ""consensus_ok"": false, ""stability_ok"": false, ""drift_ok"": true, ""live_hit_ok"": false, ""regime_hit_ok"": false}, ""statuses"": {""data_health_ok"": ""PASS"", ""calibrated_probability_ok"": ""FAIL"", ""consensus_ok"": ""FAIL"", ""stability_ok"": ""FAIL"", ""drift_ok"": ""PASS"", ""live_hit_ok"": ""FAIL"", ""regime_hit_ok"": ""FAIL""}, ""votes"": {""4"": 1, ""7"": 2, ""9"": 0}, ""stability"": {""50"": [1, 2, 3, 4, 5, 8, 9], ""100"": [1, 2, 3, 4, 5, 8, 9], ""240"": [0, 2, 3, 6, 7, 8, 9]}}",2,1,2026-09-25T23:53:53+07:00
202609252868,2026-09-25T23:53:54+07:00,"[3, 2, 6, 1, 4, 5, 0]","[9, 8, 7]",0.7459140878688225,0.678963344598567,0.7074279939363315,-0.040236815028168546,0.25,0,0.6666666666666666,BALANCED,80,0.6875,80,0.6875,0.07417548074944776,OK,0.2414523743607051,55.06571555581162,0,"{""failed"": [""calibrated_probability_ok"", ""consensus_ok"", ""stability_ok"", ""live_hit_ok"", ""regime_hit_ok""], ""checks"": {""data_health_ok"": true, ""calibrated_probability_ok"": false, ""consensus_ok"": false, ""stability_ok"": false, ""drift_ok"": true, ""live_hit_ok"": false, ""regime_hit_ok"": false}, ""statuses"": {""data_health_ok"": ""PASS"", ""calibrated_probability_ok"": ""FAIL"", ""consensus_ok"": ""FAIL"", ""stability_ok"": ""FAIL"", ""drift_ok"": ""PASS"", ""live_hit_ok"": ""FAIL"", ""regime_hit_ok"": ""FAIL""}, ""votes"": {""9"": 1, ""8"": 1, ""7"": 1}, ""stability"": {""50"": [1, 2, 3, 4, 5, 8, 9], ""100"": [1, 2, 3, 4, 5, 8, 9], ""241"": [0, 2, 3, 6, 7, 8, 9]}}",2,1,2026-09-25T23:54:23+07:00
202609252869,2026-09-25T23:54:23+07:00,"[3, 2, 4, 6, 7, 5, 0]","[9, 8, 1]",0.7514632244641704,0.6900586360081228,0.7074279939363315,-0.02455282809994649,0.4166666666666667,1,0.6666666666666666,BALANCED,80,0.7,80,0.7,0.07184738576447879,OK,0.2641325567032833,57.38905625087675,0,"{""failed"": [""calibrated_probability_ok"", ""consensus_ok"", ""stability_ok"", ""live_hit_ok"", ""regime_hit_ok""], ""checks"": {""data_health_ok"": true, ""calibrated_probability_ok"": false, ""consensus_ok"": false, ""stability_ok"": false, ""drift_ok"": true, ""live_hit_ok"": false, ""regime_hit_ok"": false}, ""statuses"": {""data_health_ok"": ""PASS"", ""calibrated_probability_ok"": ""FAIL"", ""consensus_ok"": ""FAIL"", ""stability_ok"": ""FAIL"", ""drift_ok"": ""PASS"", ""live_hit_ok"": ""FAIL"", ""regime_hit_ok"": ""FAIL""}, ""votes"": {""9"": 1, ""8"": 1, ""1"": 3}, ""stability"": {""50"": [0, 2, 3, 4, 5, 8, 9], ""100"": [1, 2, 3, 4, 5, 8, 9], ""242"": [0, 2, 3, 6, 7, 8, 9]}}",8,0,2026-09-25T23:54:53+07:00
202609252870,2026-09-25T23:54:54+07:00,"[2, 8, 5, 3, 6, 7, 9]","[1, 0, 4]",0.7393434054132995,0.6740852192600397,0.7074279939363315,-0.04713239363170109,0.6666666666666666,2,0.7619047619047619,BALANCED,80,0.6875,80,0.6875,0.07663341279757527,OK,0.2770956454897753,60.71344505892633,0,"{""failed"": [""calibrated_probability_ok"", ""live_hit_ok"", ""regime_hit_ok""], ""checks"": {""data_health_ok"": true, ""calibrated_probability_ok"": false, ""consensus_ok"": true, ""stability_ok"": true, ""drift_ok"": true, ""live_hit_ok"": false, ""regime_hit_ok"": false}, ""statuses"": {""data_health_ok"": ""PASS"", ""calibrated_probability_ok"": ""FAIL"", ""consensus_ok"": ""PASS"", ""stability_ok"": ""PASS"", ""drift_ok"": ""PASS"", ""live_hit_ok"": ""FAIL"", ""regime_hit_ok"": ""FAIL""}, ""votes"": {""1"": 4, ""0"": 3, ""4"": 1}, ""stability"": {""50"": [0, 2, 3, 4, 5, 8, 9], ""100"": [1, 2, 3, 4, 5, 8, 9], ""243"": [0, 2, 3, 6, 7, 8, 9]}}",1,0,2026-09-25T23:55:23+07:00
202609252871,2026-09-25T23:55:23+07:00,"[9, 2, 6, 0, 3, 5, 4]","[7, 8, 1]",0.7411572514193591,0.6676827599245921,0.7074279939363315,-0.0561827272208802,0.4166666666666667,1,0.7142857142857143,BALANCED,80,0.675,80,0.675,0.08126774841027265,OK,0.24345895642583149,56.66513990769815,0,"{""failed"": [""calibrated_probability_ok"", ""consensus_ok"", ""stability_ok"", ""live_hit_ok"", ""regime_hit_ok""], ""checks"": {""data_health_ok"": true, ""calibrated_probability_ok"": false, ""consensus_ok"": false, ""stability_ok"": false, ""drift_ok"": true, ""live_hit_ok"": false, ""regime_hit_ok"": false}, ""statuses"": {""data_health_ok"": ""PASS"", ""calibrated_probability_ok"": ""FAIL"", ""consensus_ok"": ""FAIL"", ""stability_ok"": ""FAIL"", ""drift_ok"": ""PASS"", ""live_hit_ok"": ""FAIL"", ""regime_hit_ok"": ""FAIL""}, ""votes"": {""7"": 1, ""8"": 1, ""1"": 3}, ""stability"": {""50"": [1, 2, 3, 4, 5, 8, 9], ""100"": [1, 2, 3, 4, 5, 8, 9], ""244"": [0, 2, 3, 6, 7, 8, 9]}}",2,1,2026-09-25T23:55:54+07:00
202609252872,2026-09-25T23:55:54+07:00,"[6, 2, 3, 8, 4, 1, 5]","[9, 7, 0]",0.7470175041744745,0.6746271880218093,0.7074279939363315,-0.04636628207488526,0.5,1,0.7619047619047619,BALANCED,80,0.675,80,0.675,0.07890586995894681,OK,0.27170142502559946,58.15581716661924,0,"{""failed"": [""calibrated_probability_ok"", ""consensus_ok"", ""live_hit_ok"", ""regime_hit_ok""], ""checks"": {""data_health_ok"": true, ""calibrated_probability_ok"": false, ""consensus_ok"": false, ""stability_ok"": true, ""drift_ok"": true, ""live_hit_ok"": false, ""regime_hit_ok"": false}, ""statuses"": {""data_health_ok"": ""PASS"", ""calibrated_probability_ok"": ""FAIL"", ""consensus_ok"": ""FAIL"", ""stability_ok"": ""PASS"", ""drift_ok"": ""PASS"", ""live_hit_ok"": ""FAIL"", ""regime_hit_ok"": ""FAIL""}, ""votes"": {""9"": 1, ""7"": 2, ""0"": 3}, ""stability"": {""50"": [1, 2, 3, 4, 5, 8, 9], ""100"": [1, 2, 3, 4, 5, 8, 9], ""245"": [0, 2, 3, 6, 7, 8, 9]}}",2,1,2026-09-25T23:56:23+07:00
202609252873,2026-09-25T23:56:23+07:00,"[3, 2, 4, 6, 8, 7, 1]","[9, 0, 5]",0.7499945022648443,0.68518450645245,0.7074279939363315,-0.03144275837900106,0.4166666666666667,1,0.7142857142857143,BALANCED,80,0.675,80,0.675,0.07661698467767464,OK,0.27903059924549956,56.65554386845949,0,"{""failed"": [""calibrated_probability_ok"", ""consensus_ok"", ""stability_ok"", ""live_hit_ok"", ""regime_hit_ok""], ""checks"": {""data_health_ok"": true, ""calibrated_probability_ok"": false, ""consensus_ok"": false, ""stability_ok"": false, ""drift_ok"": true, ""live_hit_ok"": false, ""regime_hit_ok"": false}, ""statuses"": {""data_health_ok"": ""PASS"", ""calibrated_probability_ok"": ""FAIL"", ""consensus_ok"": ""FAIL"", ""stability_ok"": ""FAIL"", ""drift_ok"": ""PASS"", ""live_hit_ok"": ""FAIL"", ""regime_hit_ok"": ""FAIL""}, ""votes"": {""9"": 1, ""0"": 3, ""5"": 1}, ""stability"": {""50"": [1, 2, 3, 4, 5, 8, 9], ""100"": [1, 2, 3, 4, 5, 8, 9], ""246"": [0, 2, 3, 6, 7, 8, 9]}}",4,1,2026-09-25T23:56:53+07:00
202609252874,2026-09-25T23:56:53+07:00,"[8, 2, 3, 5, 4, 6, 7]","[1, 0, 9]",0.7493990770913489,0.6870428315449508,0.7074279939363315,-0.028815883123244568,0.5833333333333334,2,0.7142857142857143,BALANCED,80,0.675,80,0.675,0.07437984438717582,OK,0.302321433176229,58.64842884412632,0,"{""failed"": [""calibrated_probability_ok"", ""stability_ok"", ""live_hit_ok"", ""regime_hit_ok""], ""checks"": {""data_health_ok"": true, ""calibrated_probability_ok"": false, ""consensus_ok"": true, ""stability_ok"": false, ""drift_ok"": true, ""live_hit_ok"": false, ""regime_hit_ok"": false}, ""statuses"": {""data_health_ok"": ""PASS"", ""calibrated_probability_ok"": ""FAIL"", ""consensus_ok"": ""PASS"", ""stability_ok"": ""FAIL"", ""drift_ok"": ""PASS"", ""live_hit_ok"": ""FAIL"", ""regime_hit_ok"": ""FAIL""}, ""votes"": {""1"": 4, ""0"": 3, ""9"": 0}, ""stability"": {""50"": [1, 2, 3, 4, 5, 8, 9], ""100"": [1, 2, 3, 4, 5, 8, 9], ""247"": [0, 2, 3, 6, 7, 8, 9]}}",1,0,2026-09-25T23:57:23+07:00
202609252875,2026-09-25T23:57:24+07:00,"[2, 9, 3, 6, 0, 5, 4]","[8, 7, 1]",0.7425123476306662,0.6678140434538332,0.7074279939363315,-0.055997148574903,0.4166666666666667,1,0.7142857142857143,BALANCED,80,0.6625,80,0.6625,0.07897181195659189,OK,0.31316300065750624,55.62368822951663,0,"{""failed"": [""calibrated_probability_ok"", ""consensus_ok"", ""stability_ok"", ""live_hit_ok"", ""regime_hit_ok""], ""checks"": {""data_health_ok"": true, ""calibrated_probability_ok"": false, ""consensus_ok"": false, ""stability_ok"": false, ""drift_ok"": true, ""live_hit_ok"": false, ""regime_hit_ok"": false}, ""statuses"": {""data_health_ok"": ""PASS"", ""calibrated_probability_ok"": ""FAIL"", ""consensus_ok"": ""FAIL"", ""stability_ok"": ""FAIL"", ""drift_ok"": ""PASS"", ""live_hit_ok"": ""FAIL"", ""regime_hit_ok"": ""FAIL""}, ""votes"": {""8"": 1, ""7"": 1, ""1"": 3}, ""stability"": {""50"": [1, 2, 3, 4, 5, 8, 9], ""100"": [1, 2, 3, 4, 5, 8, 9], ""248"": [0, 2, 3, 6, 7, 8, 9]}}",1,0,2026-09-25T23:57:53+07:00
202609252876,2026-09-25T23:57:53+07:00,"[2, 6, 9, 0, 1, 3, 5]","[8, 7, 4]",0.742937892331047,0.6637189928361549,0.7074279939363315,-0.06178579512660688,0.16666666666666666,0,0.7142857142857143,BALANCED,80,0.65,80,0.65,0.08345519395438974,OK,0.34057724699367287,51.33841585007705,0,"{""failed"": [""calibrated_probability_ok"", ""consensus_ok"", ""stability_ok"", ""live_hit_ok"", ""regime_hit_ok""], ""checks"": {""data_health_ok"": true, ""calibrated_probability_ok"": false, ""consensus_ok"": false, ""stability_ok"": false, ""drift_ok"": true, ""live_hit_ok"": false, ""regime_hit_ok"": false}, ""statuses"": {""data_health_ok"": ""PASS"", ""calibrated_probability_ok"": ""FAIL"", ""consensus_ok"": ""FAIL"", ""stability_ok"": ""FAIL"", ""drift_ok"": ""PASS"", ""live_hit_ok"": ""FAIL"", ""regime_hit_ok"": ""FAIL""}, ""votes"": {""8"": 1, ""7"": 1, ""4"": 0}, ""stability"": {""50"": [1, 2, 3, 4, 5, 8, 9], ""100"": [1, 2, 3, 4, 5, 8, 9], ""249"": [0, 2, 3, 6, 7, 8, 9]}}",9,1,2026-09-25T23:58:23+07:00
202609252877,2026-09-25T23:58:24+07:00,"[2, 3, 5, 9, 4, 7, 0]","[1, 6, 8]",0.7416205164936865,0.6635553436638121,0.7074279939363315,-0.06201712492093999,0.5,2,0.7142857142857143,BALANCED,80,0.65,80,0.65,0.08116984293678343,OK,0.3065006357745439,56.21642618134338,0,"{""failed"": [""calibrated_probability_ok"", ""consensus_ok"", ""stability_ok"", ""live_hit_ok"", ""regime_hit_ok""], ""checks"": {""data_health_ok"": true, ""calibrated_probability_ok"": false, ""consensus_ok"": false, ""stability_ok"": false, ""drift_ok"": true, ""live_hit_ok"": false, ""regime_hit_ok"": false}, ""statuses"": {""data_health_ok"": ""PASS"", ""calibrated_probability_ok"": ""FAIL"", ""consensus_ok"": ""FAIL"", ""stability_ok"": ""FAIL"", ""drift_ok"": ""PASS"", ""live_hit_ok"": ""FAIL"", ""regime_hit_ok"": ""FAIL""}, ""votes"": {""1"": 3, ""6"": 3, ""8"": 0}, ""stability"": {""50"": [1, 2, 3, 4, 5, 8, 9], ""100"": [1, 2, 3, 4, 5, 8, 9], ""250"": [0, 2, 3, 6, 7, 8, 9]}}",9,1,2026-09-25T23:58:53+07:00
202609252878,2026-09-25T23:58:53+07:00,"[2, 9, 3, 5, 4, 8, 7]","[0, 6, 1]",0.7488920983206152,0.6784395355143589,0.7074279939363315,-0.04097725658363137,0.75,2,0.8095238095238094,BALANCED,80,0.65,80,0.65,0.07890618076049609,OK,0.3096919851792853,60.72337621789475,0,"{""failed"": [""calibrated_probability_ok"", ""live_hit_ok"", ""regime_hit_ok""], ""checks"": {""data_health_ok"": true, ""calibrated_probability_ok"": false, ""consensus_ok"": true, ""stability_ok"": true, ""drift_ok"": true, ""live_hit_ok"": false, ""regime_hit_ok"": false}, ""statuses"": {""data_health_ok"": ""PASS"", ""calibrated_probability_ok"": ""FAIL"", ""consensus_ok"": ""PASS"", ""stability_ok"": ""PASS"", ""drift_ok"": ""PASS"", ""live_hit_ok"": ""FAIL"", ""regime_hit_ok"": ""FAIL""}, ""votes"": {""0"": 4, ""6"": 2, ""1"": 3}, ""stability"": {""50"": [1, 2, 3, 4, 5, 8, 9], ""100"": [1, 2, 3, 4, 5, 8, 9], ""251"": [0, 2, 3, 6, 7, 8, 9]}}",9,1,2026-09-25T23:59:24+07:00
202609252879,2026-09-25T23:59:24+07:00,"[9, 3, 2, 5, 4, 8, 7]","[0, 1, 6]",0.7589649952613394,0.6763012732816993,0.7074279939363315,-0.0439998429825122,0.75,2,0.8095238095238094,BALANCED,80,0.65,80,0.65,0.0767206570357287,OK,0.33000239517322405,60.668945911531104,0,"{""failed"": [""calibrated_probability_ok"", ""live_hit_ok"", ""regime_hit_ok""], ""checks"": {""data_health_ok"": true, ""calibrated_probability_ok"": false, ""consensus_ok"": true, ""stability_ok"": true, ""drift_ok"": true, ""live_hit_ok"": false, ""regime_hit_ok"": false}, ""statuses"": {""data_health_ok"": ""PASS"", ""calibrated_probability_ok"": ""FAIL"", ""consensus_ok"": ""PASS"", ""stability_ok"": ""PASS"", ""drift_ok"": ""PASS"", ""live_hit_ok"": ""FAIL"", ""regime_hit_ok"": ""FAIL""}, ""votes"": {""0"": 4, ""1"": 3, ""6"": 2}, ""stability"": {""50"": [1, 2, 3, 4, 5, 8, 9], ""100"": [1, 2, 3, 4, 5, 8, 9], ""252"": [0, 2, 3, 6, 7, 8, 9]}}",3,1,2026-09-25T23:59:53+07:00
202609252880,2026-09-25T23:59:53+07:00,"[1, 5, 2, 4, 3, 9, 7]","[6, 8, 0]",0.7637491089650917,0.6948213012807274,0.7074279939363315,-0.017820460546743227,0.5,1,0.7619047619047619,BALANCED,80,0.6625,80,0.6625,0.07463015926089717,OK,0.3742934551986379,56.863814389707215,0,"{""failed"": [""calibrated_probability_ok"", ""consensus_ok"", ""live_hit_ok"", ""regime_hit_ok""], ""checks"": {""data_health_ok"": true, ""calibrated_probability_ok"": false, ""consensus_ok"": false, ""stability_ok"": true, ""drift_ok"": true, ""live_hit_ok"": false, ""regime_hit_ok"": false}, ""statuses"": {""data_health_ok"": ""PASS"", ""calibrated_probability_ok"": ""FAIL"", ""consensus_ok"": ""FAIL"", ""stability_ok"": ""PASS"", ""drift_ok"": ""PASS"", ""live_hit_ok"": ""FAIL"", ""regime_hit_ok"": ""FAIL""}, ""votes"": {""6"": 2, ""8"": 1, ""0"": 3}, ""stability"": {""50"": [1, 2, 3, 4, 5, 8, 9], ""100"": [1, 2, 3, 4, 5, 8, 9], ""253"": [0, 2, 3, 6, 7, 8, 9]}}",0,0,2026-09-26T00:00:23+07:00
202609260001,2026-09-26T00:00:23+07:00,"[1, 2, 0, 3, 9, 8, 5]","[7, 4, 6]",0.756982970093503,0.6834710143824555,0.7074279939363315,-0.033864901812229044,0.4166666666666667,0,0.8095238095238094,BALANCED,80,0.65,80,0.65,0.07913420468380039,OK,0.39995411923581436,55.2793163084321,0,"{""failed"": [""calibrated_probability_ok"", ""consensus_ok"", ""live_hit_ok"", ""regime_hit_ok""], ""checks"": {""data_health_ok"": true, ""calibrated_probability_ok"": false, ""consensus_ok"": false, ""stability_ok"": true, ""drift_ok"": true, ""live_hit_ok"": false, ""regime_hit_ok"": false}, ""statuses"": {""data_health_ok"": ""PASS"", ""calibrated_probability_ok"": ""FAIL"", ""consensus_ok"": ""FAIL"", ""stability_ok"": ""PASS"", ""drift_ok"": ""PASS"", ""live_hit_ok"": ""FAIL"", ""regime_hit_ok"": ""FAIL""}, ""votes"": {""7"": 2, ""4"": 1, ""6"": 2}, ""stability"": {""50"": [1, 2, 3, 4, 5, 8, 9], ""100"": [0, 2, 3, 4, 5, 8, 9], ""254"": [0, 2, 3, 6, 7, 8, 9]}}",,,
